Workbook
Name Slicer_Department1: #N/A
Name Slicer_Priority1: #N/A
Name Slicer_Status: #N/A

Sheet Instructions
B2: Project Management Analytics — Practice Project
B3: Excel project: Power Query · Excel Functions · PivotTables · Power Pivot (Data Model + DAX) · Dashboard
B5: Scenario
B6: You work as a Data Analyst supporting the PMO (Project Management Office) of a company running 15 parallel projects. Task-level data is exported from the old tracking tool and is messy: inconsistent text casing, extra spaces, mixed date formats, duplicate rows, and missing values. Your job is to clean the data, model it properly, build the analysis with formulas and PivotTables, then create a Power Pivot data model with DAX measures and present the results in a one-page interactive dashboard.
B10: Workbook Contents
B11: Instructions | D11: This sheet — the full task brief and deliverables checklist.
B12: Projects | D12: Master list of 15 projects (source table for Power Query / Power Pivot).
B13: Employees | D13: Master list of staff with department and hourly rate (source table).
B14: Tasks_RawData | D14: Messy raw task export — the main table you will clean in Power Query.
B15: PQ_Output (you create) | D15: Destination sheet/table for your cleaned Power Query output.
B16: PivotTables (you create) | D16: Sheet(s) for your PivotTable analysis.
B17: Dashboard (you create) | D17: Final one-page interactive dashboard.
B19: PART 1 — POWER QUERY (Data Cleaning & Shaping)
B20: • | C20: Import the Tasks_RawData table into Power Query (Data > Get Data > From Table/Range).
B21: • | C21: Remove exact duplicate rows.
B22: • | C22: Remove the 4 placeholder/test rows (Task_Name = "TEST - ignore").
B23: • | C23: Trim and Clean all text columns (remove leading/trailing/extra spaces).
B24: • | C24: Standardize the Department column to exactly: IT, Operations, Finance, Marketing, HR, Procurement, Quality Assurance (fix casing/abbreviations such as "it", "I.T", "Ops", "QA").
B25: • | C25: Standardize the Status column to exactly: Not Started, In Progress, Completed, Delayed (fix casing and synonyms such as "Pending", "Ongoing", "Done", "Behind Schedule").
B26: • | C26: Standardize the Priority column to exactly: High, Medium, Low (fix casing and single-letter codes H/M/L).
B27: • | C27: Convert Start_Date, Planned_End_Date and Actual_End_Date to a proper Date data type (the raw export mixes several date text formats).
B28: • | C28: Handle blanks: replace missing Planned_Cost / Actual_Cost with 0; replace missing Priority with "Not Set"; replace missing Assigned_To with "Unassigned".
B29: • | C29: Add a calculated column Planned_Duration_Days = Planned_End_Date − Start_Date.
B30: • | C30: Add a calculated column Delay_Days = Actual_End_Date − Planned_End_Date (blank/0 if not completed).
B31: • | C31: Merge (left outer join) with the Projects table on Project_ID to bring in Project_Manager, Client and Budget.
... B34: • | C34: Load the cleaned result to a new sheet as an Excel Table named tbl_Tasks_Clean, AND load a copy to the Data Model (checkbox in the Load To dialog) for Part 4.
B36: PART 2 — EXCEL FUNCTIONS
B37: • | C37: Work on your cleaned table (tbl_Tasks_Clean). Add the following helper columns using formulas (not hardcoded values):
B38: • | C38: Cost_Variance = Actual_Cost − Planned_Cost.
B39: • | C39: Cost_Variance_% = Cost_Variance / Planned_Cost, using IFERROR to handle any Planned_Cost = 0.
B40: • | C40: On_Time_Flag: use IF to return "On Time" when Status = "Completed" and Delay_Days <= 0, "Late" when Status = "Completed" and Delay_Days > 0, and "N/A" otherwise.
B41: • | C41: Task_Age_Category: use IFS (or nested IF) to bucket Planned_Duration_Days into "Short (<=7 days)", "Medium (8-20 days)", "Long (>20 days)".
B42: • | C42: Manager_Lookup: use INDEX/MATCH (not VLOOKUP) to pull Project_Manager from the Projects sheet by Project_ID, as a second, independent check on your Power Query merge.
B43: • | C43: Build a small Summary block (separate area of the same sheet or a new sheet) using:
B44: • | C44: • COUNTIFS — count of Delayed tasks per Department.
B45: • | C45: • SUMIFS — total Actual_Cost per Department for Completed tasks.
B46: • | C46: • AVERAGEIFS — average Delay_Days per Priority level, for Completed/Delayed tasks only.
B47: • | C47: • A TEXT + DATEDIF-based formula that produces a readable string such as "Delayed by 5 days" from Delay_Days.
B49: PART 3 — PIVOTTABLES
B50: • | C50: Create a new sheet called PivotTables and build at least 4 PivotTables (or one PivotTable with multiple value fields, plus 3 focused ones) from tbl_Tasks_Clean:
B51: • | C51: 1) Total Planned_Cost vs Actual_Cost by Project_Name (rows = Project_Name, values = Sum of Planned_Cost & Actual_Cost).
B52: • | C52: 2) Count of tasks by Status, broken down by Department (rows = Department, columns = Status, values = Count of Task_ID).
B53: • | C53: 3) Average Delay_Days by Department and Priority (rows = Department, columns = Priority).
B54: • | C54: 4) Top 5 employees by total Actual_Cost of tasks assigned to them (use Value Filters > Top 10, set to 5).
B55: • | C55: Add at least one Slicer (e.g. on Status or Priority) connected to two of your PivotTables.
B56: • | C56: Format all value fields as currency where relevant and apply a PivotTable style consistent with the rest of the workbook.
B58: PART 4 — POWER PIVOT (Data Model & DAX)
B59: • | C59: Open the Power Pivot window (Power Pivot tab > Manage Data Model). Confirm tbl_Tasks_Clean, Projects and Employees are all loaded to the Data Model.
B60: • | C60: Create relationships: Tasks_Clean[Project_ID] -> Projects[Project_ID], and Tasks_Clean[Assigned_To] -> Employees[Employee_Name].
B61: • | C61: Add the following DAX measures in the Data Model (name them exactly as shown):
B62: • | C62: • Total Planned Cost := SUM(Tasks_Clean[Planned_Cost])
B63: • | C63: • Total Actual Cost := SUM(Tasks_Clean[Actual_Cost])
B64: • | C64: • Cost Variance := [Total Actual Cost] - [Total Planned Cost]
B65: • | C65: • Cost Variance % := DIVIDE([Cost Variance], [Total Planned Cost], 0)
B66: • | C66: • Completed Tasks := CALCULATE(COUNTROWS(Tasks_Clean), Tasks_Clean[Status] = "Completed")
B67: • | C67: • On-Time Completion Rate := DIVIDE(CALCULATE(COUNTROWS(Tasks_Clean), Tasks_Clean[Status]="Completed", Tasks_Clean[Delay_Days]<=0), [Completed Tasks], 0)
B68: • | C68: • Average Delay Days := AVERAGEX(FILTER(Tasks_Clean, Tasks_Clean[Status]="Completed"), Tasks_Clean[Delay_Days])
B69: • | C69: Build a new PivotTable from the Data Model (not the plain range) using at least 3 of these measures, sliced by Project_Name and Department, to confirm the model works.
B71: PART 5 — DASHBOARD
B72: • | C72: Create a new sheet called Dashboard, gridlines off, and lay out a single printable page (landscape).
B73: • | C73: Include at least 4 KPI cards driven by formulas/measures: Total Planned Cost, Total Actual Cost, Cost Variance %, On-Time Completion Rate.
B74: • | C74: Include at least 3 charts: (a) Column chart — Planned vs Actual Cost by Project, (b) Stacked bar/column — Task count by Status per Department, (c) Line or bar — Average Delay Days by Priority.
B75: • | C75: Include at least 2 slicers (e.g. Department and Priority) connected to the charts/PivotTables that drive the dashboard.
B76: • | C76: Use a consistent color palette and clear titles; the dashboard should read clearly without needing the raw data sheets.
B78: Deliverable
B79: Submit this single workbook with all sheets completed: Instructions (unchanged), Projects, Employees, Tasks_RawData (unchanged — keep as the original messy source), your Power Query output table, PivotTables sheet, the Power Pivot data model inside this file, and the Dashboard sheet.

Sheet Summary 
A1: Department | B1: Delayed_Task_Count | C1: Completed_Actual_Cost | D1: Priority | E1: Avg_Delay_Completed | F1: Avg_Delay_Delayed
A2: IT | B2: =COUNTIFS(tbl_Tasks_Clean[Department],A2,tbl_Tasks_Clean[Status],"Delayed") -> 7 | C2: =SUMIFS(tbl_Tasks_Clean[Actual_Cost],tbl_Tasks_Clean[Department],A2,tbl_Tasks_Clean[Status],"Completed") -> 72262 | D2: High | E2: =AVERAGEIFS(tbl_Tasks_Clean[Delay_Days],tbl_Tasks_Clean[Priority],D2,tbl_Tasks_Clean[Status],"Completed") -> 0.19230769 | F2: =AVERAGEIFS(tbl_Tasks_Clean[Delay_Days],tbl_Tasks_Clean[Priority],D2,tbl_Tasks_Clean[Status],"Delayed") -> 5.2142857
A3: Operations | B3: =COUNTIFS(tbl_Tasks_Clean[Department],A3,tbl_Tasks_Clean[Status],"Delayed") -> 3 | C3: =SUMIFS(tbl_Tasks_Clean[Actual_Cost],tbl_Tasks_Clean[Department],A3,tbl_Tasks_Clean[Status],"Completed") -> 77808 | D3: Medium | E3: =AVERAGEIFS(tbl_Tasks_Clean[Delay_Days],tbl_Tasks_Clean[Priority],D3,tbl_Tasks_Clean[Status],"Completed") -> -0.17647059 | F3: =AVERAGEIFS(tbl_Tasks_Clean[Delay_Days],tbl_Tasks_Clean[Priority],D3,tbl_Tasks_Clean[Status],"Delayed") -> 5.8461538
A4: Finance | B4: =COUNTIFS(tbl_Tasks_Clean[Department],A4,tbl_Tasks_Clean[Status],"Delayed") -> 0 | C4: =SUMIFS(tbl_Tasks_Clean[Actual_Cost],tbl_Tasks_Clean[Department],A4,tbl_Tasks_Clean[Status],"Completed") -> 0 | D4: Low | E4: =AVERAGEIFS(tbl_Tasks_Clean[Delay_Days],tbl_Tasks_Clean[Priority],D4,tbl_Tasks_Clean[Status],"Completed") -> -0.72222222 | F4: =AVERAGEIFS(tbl_Tasks_Clean[Delay_Days],tbl_Tasks_Clean[Priority],D4,tbl_Tasks_Clean[Status],"Delayed") -> 2.3
A5: Marketing | B5: =COUNTIFS(tbl_Tasks_Clean[Department],A5,tbl_Tasks_Clean[Status],"Delayed") -> 0 | C5: =SUMIFS(tbl_Tasks_Clean[Actual_Cost],tbl_Tasks_Clean[Department],A5,tbl_Tasks_Clean[Status],"Completed") -> 0
A6: HR | B6: =COUNTIFS(tbl_Tasks_Clean[Department],A6,tbl_Tasks_Clean[Status],"Delayed") -> 0 | C6: =SUMIFS(tbl_Tasks_Clean[Actual_Cost],tbl_Tasks_Clean[Department],A6,tbl_Tasks_Clean[Status],"Completed") -> 0
A7: Procurement | B7: =COUNTIFS(tbl_Tasks_Clean[Department],A7,tbl_Tasks_Clean[Status],"Delayed") -> 6 | C7: =SUMIFS(tbl_Tasks_Clean[Actual_Cost],tbl_Tasks_Clean[Department],A7,tbl_Tasks_Clean[Status],"Completed") -> 53046
A8: Quality Assurance | B8: =COUNTIFS(tbl_Tasks_Clean[Department],A8,tbl_Tasks_Clean[Status],"Delayed") -> 0 | C8: =SUMIFS(tbl_Tasks_Clean[Actual_Cost],tbl_Tasks_Clean[Department],A8,tbl_Tasks_Clean[Status],"Completed") -> 0

Sheet tbl_Projects
A1: Project_ID | B1: Project_Name | C1: Client | D1: Project_Manager | E1: Start_Date | F1: Budget
A2: PRJ-001 | B2: Website Redesign | C2: Nile Corp | D2: Mona Farid | E2: 45455 | F2: 75000
A3: PRJ-002 | B3: ERP System Rollout | C3: Delta Retail Group | D3: Youssef Adel | E3: 45481 | F3: 150000
A4: PRJ-003 | B4: Mobile App Launch | C4: Alexandria Logistics | D4: Ahmed Nabil | E4: 45349 | F4: 100000
A5: PRJ-004 | B5: Warehouse Automation | C5: Cairo Financial Services | D5: Laila Samir | E5: 45465 | F5: 75000
A6: PRJ-005 | B6: Customer Portal Upgrade | C6: Horizon Manufacturing | D6: Ahmed Nabil | E6: 45300 | F6: 50000
A7: PRJ-006 | B7: CRM Migration | C7: BlueWave Telecom | D7: Mona Farid | E7: 45347 | F7: 120000
A8: PRJ-007 | B8: Network Security Overhaul | C8: Internal | D8: Laila Samir | E8: 45435 | F8: 120000
A9: PRJ-008 | B9: Office Relocation | C9: Pharos Holdings | D9: Nourhan Tarek | E9: 45348 | F9: 300000
A10: PRJ-009 | B10: Supply Chain Optimization | C10: Suez Trading Co. | D10: Laila Samir | E10: 45293 | F10: 100000
A11: PRJ-010 | B11: Product Line Expansion | C11: Internal | D11: Sara Hassan | E11: 45379 | F11: 150000
A12: PRJ-011 | B12: HR System Implementation | C12: Giza Health Systems | D12: Ahmed Nabil | E12: 45347 | F12: 200000
A13: PRJ-012 | B13: Cloud Migration | C13: Red Sea Tourism | D13: Ahmed Nabil | E13: 45315 | F13: 250000
... A16: PRJ-015 | B16: Data Center Upgrade | C16: Internal | D16: Nourhan Tarek | E16: 45388 | F16: 75000

Sheet Projects
A1: Project_ID | B1: Project_Name | C1: Client | D1: Project_Manager | E1: Start_Date | F1: Budget
A2: PRJ-001 | B2: Website Redesign | C2: Nile Corp | D2: Mona Farid | E2: 2024-06-12 | F2: 75000
A3: PRJ-002 | B3: ERP System Rollout | C3: Delta Retail Group | D3: Youssef Adel | E3: 2024-07-08 | F3: 150000
A4: PRJ-003 | B4: Mobile App Launch | C4: Alexandria Logistics | D4: Ahmed Nabil | E4: 2024-02-27 | F4: 100000
A5: PRJ-004 | B5: Warehouse Automation | C5: Cairo Financial Services | D5: Laila Samir | E5: 2024-06-22 | F5: 75000
A6: PRJ-005 | B6: Customer Portal Upgrade | C6: Horizon Manufacturing | D6: Ahmed Nabil | E6: 2024-01-09 | F6: 50000
A7: PRJ-006 | B7: CRM Migration | C7: BlueWave Telecom | D7: Mona Farid | E7: 2024-02-25 | F7: 120000
A8: PRJ-007 | B8: Network Security Overhaul | C8: Internal | D8: Laila Samir | E8: 2024-05-23 | F8: 120000
A9: PRJ-008 | B9: Office Relocation | C9: Pharos Holdings | D9: Nourhan Tarek | E9: 2024-02-26 | F9: 300000
A10: PRJ-009 | B10: Supply Chain Optimization | C10: Suez Trading Co. | D10: Laila Samir | E10: 2024-01-02 | F10: 100000
A11: PRJ-010 | B11: Product Line Expansion | C11: Internal | D11: Sara Hassan | E11: 2024-03-28 | F11: 150000
A12: PRJ-011 | B12: HR System Implementation | C12: Giza Health Systems | D12: Ahmed Nabil | E12: 2024-02-25 | F12: 200000
A13: PRJ-012 | B13: Cloud Migration | C13: Red Sea Tourism | D13: Ahmed Nabil | E13: 2024-01-24 | F13: 250000
... A16: PRJ-015 | B16: Data Center Upgrade | C16: Internal | D16: Nourhan Tarek | E16: 2024-04-06 | F16: 75000

Sheet tbl_Employees
A1: Employee_ID | B1: Employee_Name | C1: Department | D1: Role | E1: Hourly_Rate
A2: EMP-001 | B2: Hana Zaki | C2: IT | D2: Systems Analyst | E2: 150
A3: EMP-002 | B3: Yasmin Younes | C3: IT | D3: Systems Analyst | E3: 220
A4: EMP-003 | B4: Hassan Fouad | C4: IT | D4: Software Engineer | E4: 280
A5: EMP-004 | B5: Tarek Abdelrahman | C5: IT | D5: IT Support Specialist | E5: 180
A6: EMP-005 | B6: Dina Zaki | C6: IT | D6: Systems Analyst | E6: 220
A7: EMP-006 | B7: Farida Younes | C7: Operations | D7: Operations Coordinator | E7: 180
A8: EMP-007 | B8: Reem Gaber | C8: Operations | D8: Operations Coordinator | E8: 180
A9: EMP-008 | B9: Sherif Hosny | C9: Operations | D9: Logistics Planner | E9: 200
A10: EMP-009 | B10: Farida Zaki | C10: Operations | D10: Operations Coordinator | E10: 200
A11: EMP-010 | B11: Yasmin Zaki | C11: Operations | D11: Logistics Planner | E11: 220
A12: EMP-011 | B12: Khaled Naguib | C12: Finance | D12: Budget Controller | E12: 250
A13: EMP-012 | B13: Khaled Younes | C13: Finance | D13: Accountant | E13: 280
... A28: EMP-027 | B28: Salma Fouad | C28: Quality Assurance | D28: QA Engineer | E28: 200

Sheet Employees
A1: Employee_ID | B1: Employee_Name | C1: Department | D1: Role | E1: Hourly_Rate
A2: EMP-001 | B2: Hana Zaki | C2: IT | D2: Systems Analyst | E2: 150
A3: EMP-002 | B3: Yasmin Younes | C3: IT | D3: Systems Analyst | E3: 220
A4: EMP-003 | B4: Hassan Fouad | C4: IT | D4: Software Engineer | E4: 280
A5: EMP-004 | B5: Tarek Abdelrahman | C5: IT | D5: IT Support Specialist | E5: 180
A6: EMP-005 | B6: Dina Zaki | C6: IT | D6: Systems Analyst | E6: 220
A7: EMP-006 | B7: Farida Younes | C7: Operations | D7: Operations Coordinator | E7: 180
A8: EMP-007 | B8: Reem Gaber | C8: Operations | D8: Operations Coordinator | E8: 180
A9: EMP-008 | B9: Sherif Hosny | C9: Operations | D9: Logistics Planner | E9: 200
A10: EMP-009 | B10: Farida Zaki | C10: Operations | D10: Operations Coordinator | E10: 200
A11: EMP-010 | B11: Yasmin Zaki | C11: Operations | D11: Logistics Planner | E11: 220
A12: EMP-011 | B12: Khaled Naguib | C12: Finance | D12: Budget Controller | E12: 250
A13: EMP-012 | B13: Khaled Younes | C13: Finance | D13: Accountant | E13: 280
... A28: EMP-027 | B28: Salma Fouad | C28: Quality Assurance | D28: QA Engineer | E28: 200

Sheet tbl_Tasks_Clean.
A1: Task_ID | B1: Project_ID | C1: Project_Name | D1: Task_Name | E1: Department | F1: Assigned_To | G1: Priority | H1: Status | I1: Planned_Cost | J1: Actual_Cost | K1: Start_Date | L1: Planned_End_Date | M1: Actual_End_Date | N1: Planned_Duration_Days | O1: Delay_Days | P1: Client | Q1: Project_Manager | R1: Budget | S1: Employee_Department | T1: Hourly_Rate | U1: Cost_Variance | V1: Cost_Variance_% | W1: On_Flag | X1: Task_Age_Category | Y1: Manager_Lookup | Z1: Delay_Description
A2: TSK-0085 | B2: PRJ-004 | C2: Warehouse Automation | D2: Audit marketing collateral | E2: Finance | F2: Farida Hosny | G2: Medium | H2: Delayed | I2: 1500 | J2: 1396 | K2: 45478 | L2: 45506 | M2: 45513 | N2: 28 | O2: 7 | P2: Cairo Financial Services | Q2: Laila Samir | R2: 75000 | S2: HR | T2: 150 | U2: =tbl_Tasks_Clean[[#This Row],[Actual_Cost]]-tbl_Tasks_Clean[[#This Row],[Planned_Cost]] -> -104 | V2: =IFERROR(tbl_Tasks_Clean[[#This Row],[Cost_Variance]]/tbl_Tasks_Clean[[#This Row],[Planned_Cost]],0) -> -0.069333333 | W2: =IF(AND(tbl_Tasks_Clean[[#This Row],[Status]]="Completed",tbl_Tasks_Clean[[#This Row],[Delay_Days]]<=0),"On Time",IF(AND(tbl_Tasks_Clean[[#This Row],[Status]]="Completed",tbl_Tasks_Clean[[#This Row],[Delay_Days]]>0),"Late","N/A")) -> N/A | X2: {=_xlfn.IFS(tbl_Tasks_Clean[[#This Row],[Planned_Duration_Days]]<=7,"Short (<=7 days)",tbl_Tasks_Clean[[#This Row],[Planned_Duration_Days]]<=20,"Medium (8-20 days)",TRUE,"Long (>20 days)")} -> Long (>20 days) | Y2: =INDEX(Projects!$D:$D,MATCH(tbl_Tasks_Clean[[#This Row],[Project_ID]],Projects!$A:$A,0)) -> Laila Samir | Z2: =IF(tbl_Tasks_Clean[[#This Row],[Delay_Days]]>0,"Delayed by "&TEXT(tbl_Tasks_Clean[[#This Row],[Delay_Days]],"0")&" days",IF(tbl_Tasks_Clean[[#This Row],[Delay_Days]]<0,"Early by "&TEXT(-tbl_Tasks_Clean[[#This Row],[Delay_Days]],"0")&" days","On schedule")) -> Delayed by 7 days
A3: TSK-0014 | B3: PRJ-001 | C3: Website Redesign | D3: Deploy inventory system | E3: Operations | F3: Farida Hosny | G3: Medium | H3: In Progress | I3: 1500 | J3: 618 | K3: 45518 | L3: 45542 | N3: 24 | O3: 0 | P3: Nile Corp | Q3: Mona Farid | R3: 75000 | S3: HR | T3: 150 | U3: =tbl_Tasks_Clean[[#This Row],[Actual_Cost]]-tbl_Tasks_Clean[[#This Row],[Planned_Cost]] -> -882 | V3: =IFERROR(tbl_Tasks_Clean[[#This Row],[Cost_Variance]]/tbl_Tasks_Clean[[#This Row],[Planned_Cost]],0) -> -0.588 | W3: =IF(AND(tbl_Tasks_Clean[[#This Row],[Status]]="Completed",tbl_Tasks_Clean[[#This Row],[Delay_Days]]<=0),"On Time",IF(AND(tbl_Tasks_Clean[[#This Row],[Status]]="Completed",tbl_Tasks_Clean[[#This Row],[Delay_Days]]>0),"Late","N/A")) -> N/A | X3: {=_xlfn.IFS(tbl_Tasks_Clean[[#This Row],[Planned_Duration_Days]]<=7,"Short (<=7 days)",tbl_Tasks_Clean[[#This Row],[Planned_Duration_Days]]<=20,"Medium (8-20 days)",TRUE,"Long (>20 days)")} -> Long (>20 days) | Y3: =INDEX(Projects!$D:$D,MATCH(tbl_Tasks_Clean[[#This Row],[Project_ID]],Projects!$A:$A,0)) -> Mona Farid | Z3: =IF(tbl_Tasks_Clean[[#This Row],[Delay_Days]]>0,"Delayed by "&TEXT(tbl_Tasks_Clean[[#This Row],[Delay_Days]],"0")&" days",IF(tbl_Tasks_Clean[[#This Row],[Delay_Days]]<0,"Early by "&TEXT(-tbl_Tasks_Clean[[#This Row],[Delay_Days]],"0")&" days","On schedule")) -> On schedule
A4: TSK-0053 | B4: PRJ-003 | C4: Mobile App Launch | D4: Migrate API integration | E4: IT | F4: Farida Hosny | G4: Medium | H4: Completed | I4: 4000 | J4: 5187 | K4: 45450 | L4: 45473 | M4: 45470 | N4: 23 | O4: -3 | P4: Alexandria Logistics | Q4: Ahmed Nabil | R4: 100000 | S4: HR | T4: 150 | U4: =tbl_Tasks_Clean[[#This Row],[Actual_Cost]]-tbl_Tasks_Clean[[#This Row],[Planned_Cost]] -> 1187 | V4: =IFERROR(tbl_Tasks_Clean[[#This Row],[Cost_Variance]]/tbl_Tasks_Clean[[#This Row],[Planned_Cost]],0) -> 0.29675 | W4: =IF(AND(tbl_Tasks_Clean[[#This Row],[Status]]="Completed",tbl_Tasks_Clean[[#This Row],[Delay_Days]]<=0),"On Time",IF(AND(tbl_Tasks_Clean[[#This Row],[Status]]="Completed",tbl_Tasks_Clean[[#This Row],[Delay_Days]]>0),"Late","N/A")) -> On Time | X4: {=_xlfn.IFS(tbl_Tasks_Clean[[#This Row],[Planned_Duration_Days]]<=7,"Short (<=7 days)",tbl_Tasks_Clean[[#This Row],[Planned_Duration_Days]]<=20,"Medium (8-20 days)",TRUE,"Long (>20 days)")} -> Long (>20 days) | Y4: =INDEX(Projects!$D:$D,MATCH(tbl_Tasks_Clean[[#This Row],[Project_ID]],Projects!$A:$A,0)) -> Ahmed Nabil | Z4: =IF(tbl_Tasks_Clean[[#This Row],[Delay_Days]]>0,"Delayed by "&TEXT(tbl_Tasks_Clean[[#This Row],[Delay_Days]],"0")&" days",IF(tbl_Tasks_Clean[[#This Row],[Delay_Days]]<0,"Early by "&TEXT(-tbl_Tasks_Clean[[#This Row],[Delay_Days]],"0")&" days","On schedule")) -> Early by 3 days
A5: TSK-0082 | B5: PRJ-004 | C5: Warehouse Automation | D5: Audit budget report | E5: Marketing | F5: Yasmin Younes | G5: High | H5: Done | I5: 0 | J5: 6098 | K5: 45594 | L5: 45599 | M5: 45598 | N5: 5 | O5: -1 | P5: Cairo Financial Services | Q5: Laila Samir | R5: 75000 | S5: IT | T5: 220 | U5: =tbl_Tasks_Clean[[#This Row],[Actual_Cost]]-tbl_Tasks_Clean[[#This Row],[Planned_Cost]] -> 6098 | V5: =IFERROR(tbl_Tasks_Clean[[#This Row],[Cost_Variance]]/tbl_Tasks_Clean[[#This Row],[Planned_Cost]],0) -> 0 | W5: =IF(AND(tbl_Tasks_Clean[[#This Row],[Status]]="Completed",tbl_Tasks_Clean[[#This Row],[Delay_Days]]<=0),"On Time",IF(AND(tbl_Tasks_Clean[[#This Row],[Status]]="Completed",tbl_Tasks_Clean[[#This Row],[Delay_Days]]>0),"Late","N/A")) -> N/A | X5: {=_xlfn.IFS(tbl_Tasks_Clean[[#This Row],[Planned_Duration_Days]]<=7,"Short (<=7 days)",tbl_Tasks_Clean[[#This Row],[Planned_Duration_Days]]<=20,"Medium (8-20 days)",TRUE,"Long (>20 days)")} -> Short (<=7 days) | Y5: =INDEX(Projects!$D:$D,MATCH(tbl_Tasks_Clean[[#This Row],[Project_ID]],Projects!$A:$A,0)) -> Laila Samir | Z5: =IF(tbl_Tasks_Clean[[#This Row],[Delay_Days]]>0,"Delayed by "&TEXT(tbl_Tasks_Clean[[#This Row],[Delay_Days]],"0")&" days",IF(tbl_Tasks_Clean[[#This Row],[Delay_Days]]<0,"Early by "&TEXT(-tbl_Tasks_Clean[[#This Row],[Delay_Days]],"0")&" days","On schedule")) -> Early by 1 days
A6: TSK-0276 | B6: PRJ-014 | C6: Retail Store Opening | D6: Develop backup procedure | E6: Operations | F6: Noor Naguib | G6: High | H6: In Progress | I6: 4000 | J6: 1731 | K6: 45435 | L6: 45463 | N6: 28 | O6: 0 | P6: Orbit Media | Q6: Ahmed Nabil | R6: 300000 | S6: Marketing | T6: 280 | U6: =tbl_Tasks_Clean[[#This Row],[Actual_Cost]]-tbl_Tasks_Clean[[#This Row],[Planned_Cost]] -> -2269 | V6: =IFERROR(tbl_Tasks_Clean[[#This Row],[Cost_Variance]]/tbl_Tasks_Clean[[#This Row],[Planned_Cost]],0) -> -0.56725 | W6: =IF(AND(tbl_Tasks_Clean[[#This Row],[Status]]="Completed",tbl_Tasks_Clean[[#This Row],[Delay_Days]]<=0),"On Time",IF(AND(tbl_Tasks_Clean[[#This Row],[Status]]="Completed",tbl_Tasks_Clean[[#This Row],[Delay_Days]]>0),"Late","N/A")) -> N/A | X6: {=_xlfn.IFS(tbl_Tasks_Clean[[#This Row],[Planned_Duration_Days]]<=7,"Short (<=7 days)",tbl_Tasks_Clean[[#This Row],[Planned_Duration_Days]]<=20,"Medium (8-20 days)",TRUE,"Long (>20 days)")} -> Long (>20 days) | Y6: =INDEX(Projects!$D:$D,MATCH(tbl_Tasks_Clean[[#This Row],[Project_ID]],Projects!$A:$A,0)) -> Ahmed Nabil | Z6: =IF(tbl_Tasks_Clean[[#This Row],[Delay_Days]]>0,"Delayed by "&TEXT(tbl_Tasks_Clean[[#This Row],[Delay_Days]],"0")&" days",IF(tbl_Tasks_Clean[[#This Row],[Delay_Days]]<0,"Early by "&TEXT(-tbl_Tasks_Clean[[#This Row],[Delay_Days]],"0")&" days","On schedule")) -> On schedule
A7: TSK-0104 | B7: PRJ-005 | C7: Customer Portal Upgrade | D7: Install budget report | E7: Finance | F7: Noor Naguib | G7: Low | H7: Completed | I7: 2000 | J7: 2594 | O7: 0 | P7: Horizon Manufacturing | Q7: Ahmed Nabil | R7: 50000 | S7: Marketing | T7: 280 | U7: =tbl_Tasks_Clean[[#This Row],[Actual_Cost]]-tbl_Tasks_Clean[[#This Row],[Planned_Cost]] -> 594 | V7: =IFERROR(tbl_Tasks_Clean[[#This Row],[Cost_Variance]]/tbl_Tasks_Clean[[#This Row],[Planned_Cost]],0) -> 0.297 | W7: =IF(AND(tbl_Tasks_Clean[[#This Row],[Status]]="Completed",tbl_Tasks_Clean[[#This Row],[Delay_Days]]<=0),"On Time",IF(AND(tbl_Tasks_Clean[[#This Row],[Status]]="Completed",tbl_Tasks_Clean[[#This Row],[Delay_Days]]>0),"Late","N/A")) -> On Time | X7: {=_xlfn.IFS(tbl_Tasks_Clean[[#This Row],[Planned_Duration_Days]]<=7,"Short (<=7 days)",tbl_Tasks_Clean[[#This Row],[Planned_Duration_Days]]<=20,"Medium (8-20 days)",TRUE,"Long (>20 days)")} -> Short (<=7 days) | Y7: =INDEX(Projects!$D:$D,MATCH(tbl_Tasks_Clean[[#This Row],[Project_ID]],Projects!$A:$A,0)) -> Ahmed Nabil | Z7: =IF(tbl_Tasks_Clean[[#This Row],[Delay_Days]]>0,"Delayed by "&TEXT(tbl_Tasks_Clean[[#This Row],[Delay_Days]],"0")&" days",IF(tbl_Tasks_Clean[[#This Row],[Delay_Days]]<0,"Early by "&TEXT(-tbl_Tasks_Clean[[#This Row],[Delay_Days]],"0")&" days","On schedule")) -> On schedule
A8: TSK-0192 | B8: PRJ-010 | C8: Product Line Expansion | D8: Analyze security policy | E8: IT | F8: Noor Naguib | G8: Medium | H8: Not Started | I8: 8000 | J8: 0 | K8: 45462 | L8: 45467 | N8: 5 | O8: 0 | P8: Internal | Q8: Sara Hassan | R8: 150000 | S8: Marketing | T8: 280 | U8: =tbl_Tasks_Clean[[#This Row],[Actual_Cost]]-tbl_Tasks_Clean[[#This Row],[Planned_Cost]] -> -8000 | V8: =IFERROR(tbl_Tasks_Clean[[#This Row],[Cost_Variance]]/tbl_Tasks_Clean[[#This Row],[Planned_Cost]],0) -> -1 | W8: =IF(AND(tbl_Tasks_Clean[[#This Row],[Status]]="Completed",tbl_Tasks_Clean[[#This Row],[Delay_Days]]<=0),"On Time",IF(AND(tbl_Tasks_Clean[[#This Row],[Status]]="Completed",tbl_Tasks_Clean[[#This Row],[Delay_Days]]>0),"Late","N/A")) -> N/A | X8: {=_xlfn.IFS(tbl_Tasks_Clean[[#This Row],[Planned_Duration_Days]]<=7,"Short (<=7 days)",tbl_Tasks_Clean[[#This Row],[Planned_Duration_Days]]<=20,"Medium (8-20 days)",TRUE,"Long (>20 days)")} -> Short (<=7 days) | Y8: =INDEX(Projects!$D:$D,MATCH(tbl_Tasks_Clean[[#This Row],[Project_ID]],Projects!$A:$A,0)) -> Sara Hassan | Z8: =IF(tbl_Tasks_Clean[[#This Row],[Delay_Days]]>0,"Delayed by "&TEXT(tbl_Tasks_Clean[[#This Row],[Delay_Days]],"0")&" days",IF(tbl_Tasks_Clean[[#This Row],[Delay_Days]]<0,"Early by "&TEXT(-tbl_Tasks_Clean[[#This Row],[Delay_Days]],"0")&" days","On schedule")) -> On schedule
A9: TSK-0245 | B9: PRJ-012 | C9: Cloud Migration | D9: Test marketing collateral | E9: Marketing | F9: Noor Naguib | G9: Low | H9: Completed | I9: 1500 | J9: 1982 | K9: 45348 | L9: 45366 | M9: 45366 | N9: 18 | O9: 0 | P9: Red Sea Tourism | Q9: Ahmed Nabil | R9: 250000 | S9: Marketing | T9: 280 | U9: =tbl_Tasks_Clean[[#This Row],[Actual_Cost]]-tbl_Tasks_Clean[[#This Row],[Planned_Cost]] -> 482 | V9: =IFERROR(tbl_Tasks_Clean[[#This Row],[Cost_Variance]]/tbl_Tasks_Clean[[#This Row],[Planned_Cost]],0) -> 0.32133333 | W9: =IF(AND(tbl_Tasks_Clean[[#This Row],[Status]]="Completed",tbl_Tasks_Clean[[#This Row],[Delay_Days]]<=0),"On Time",IF(AND(tbl_Tasks_Clean[[#This Row],[Status]]="Completed",tbl_Tasks_Clean[[#This Row],[Delay_Days]]>0),"Late","N/A")) -> On Time | X9: {=_xlfn.IFS(tbl_Tasks_Clean[[#This Row],[Planned_Duration_Days]]<=7,"Short (<=7 days)",tbl_Tasks_Clean[[#This Row],[Planned_Duration_Days]]<=20,"Medium (8-20 days)",TRUE,"Long (>20 days)")} -> Medium (8-20 days) | Y9: =INDEX(Projects!$D:$D,MATCH(tbl_Tasks_Clean[[#This Row],[Project_ID]],Projects!$A:$A,0)) -> Ahmed Nabil | Z9: =IF(tbl_Tasks_Clean[[#This Row],[Delay_Days]]>0,"Delayed by "&TEXT(tbl_Tasks_Clean[[#This Row],[Delay_Days]],"0")&" days",IF(tbl_Tasks_Clean[[#This Row],[Delay_Days]]<0,"Early by "&TEXT(-tbl_Tasks_Clean[[#This Row],[Delay_Days]],"0")&" days","On schedule")) -> On schedule
A10: TSK-0153 | B10: PRJ-008 | C10: Office Relocation | D10: Audit inventory system | F10: Hassan Fouad | G10: Medium | H10: Ongoing | I10: 10000 | J10: 5964 | K10: 45395 | L10: 45419 | N10: 24 | O10: 0 | P10: Pharos Holdings | Q10: Nourhan Tarek | R10: 300000 | S10: IT | T10: 280 | U10: =tbl_Tasks_Clean[[#This Row],[Actual_Cost]]-tbl_Tasks_Clean[[#This Row],[Planned_Cost]] -> -4036 | V10: =IFERROR(tbl_Tasks_Clean[[#This Row],[Cost_Variance]]/tbl_Tasks_Clean[[#This Row],[Planned_Cost]],0) -> -0.4036 | W10: =IF(AND(tbl_Tasks_Clean[[#This Row],[Status]]="Completed",tbl_Tasks_Clean[[#This Row],[Delay_Days]]<=0),"On Time",IF(AND(tbl_Tasks_Clean[[#This Row],[Status]]="Completed",tbl_Tasks_Clean[[#This Row],[Delay_Days]]>0),"Late","N/A")) -> N/A | X10: {=_xlfn.IFS(tbl_Tasks_Clean[[#This Row],[Planned_Duration_Days]]<=7,"Short (<=7 days)",tbl_Tasks_Clean[[#This Row],[Planned_Duration_Days]]<=20,"Medium (8-20 days)",TRUE,"Long (>20 days)")} -> Long (>20 days) | Y10: =INDEX(Projects!$D:$D,MATCH(tbl_Tasks_Clean[[#This Row],[Project_ID]],Projects!$A:$A,0)) -> Nourhan Tarek | Z10: =IF(tbl_Tasks_Clean[[#This Row],[Delay_Days]]>0,"Delayed by "&TEXT(tbl_Tasks_Clean[[#This Row],[Delay_Days]],"0")&" days",IF(tbl_Tasks_Clean[[#This Row],[Delay_Days]]<0,"Early by "&TEXT(-tbl_Tasks_Clean[[#This Row],[Delay_Days]],"0")&" days","On schedule")) -> On schedule
A11: TSK-0288 | B11: PRJ-014 | C11: Retail Store Opening | D11: Optimize customer feedback survey | E11: IT | F11: Salma Fouad | G11: Low | H11: Completed | I11: 1000 | J11: 1263 | O11: 0 | P11: Orbit Media | Q11: Ahmed Nabil | R11: 300000 | S11: Quality Assurance | T11: 200 | U11: =tbl_Tasks_Clean[[#This Row],[Actual_Cost]]-tbl_Tasks_Clean[[#This Row],[Planned_Cost]] -> 263 | V11: =IFERROR(tbl_Tasks_Clean[[#This Row],[Cost_Variance]]/tbl_Tasks_Clean[[#This Row],[Planned_Cost]],0) -> 0.263 | W11: =IF(AND(tbl_Tasks_Clean[[#This Row],[Status]]="Completed",tbl_Tasks_Clean[[#This Row],[Delay_Days]]<=0),"On Time",IF(AND(tbl_Tasks_Clean[[#This Row],[Status]]="Completed",tbl_Tasks_Clean[[#This Row],[Delay_Days]]>0),"Late","N/A")) -> On Time | X11: {=_xlfn.IFS(tbl_Tasks_Clean[[#This Row],[Planned_Duration_Days]]<=7,"Short (<=7 days)",tbl_Tasks_Clean[[#This Row],[Planned_Duration_Days]]<=20,"Medium (8-20 days)",TRUE,"Long (>20 days)")} -> Short (<=7 days) | Y11: =INDEX(Projects!$D:$D,MATCH(tbl_Tasks_Clean[[#This Row],[Project_ID]],Projects!$A:$A,0)) -> Ahmed Nabil | Z11: =IF(tbl_Tasks_Clean[[#This Row],[Delay_Days]]>0,"Delayed by "&TEXT(tbl_Tasks_Clean[[#This Row],[Delay_Days]],"0")&" days",IF(tbl_Tasks_Clean[[#This Row],[Delay_Days]]<0,"Early by "&TEXT(-tbl_Tasks_Clean[[#This Row],[Delay_Days]],"0")&" days","On schedule")) -> On schedule
A12: TSK-0204 | B12: PRJ-010 | C12: Product Line Expansion | D12: Document warehouse layout | E12: IT | F12: Salma Fouad | G12: High | H12: Done | I12: 2500 | J12: 2216 | K12: 45404 | L12: 45414 | M12: 45416 | N12: 10 | O12: 2 | P12: Internal | Q12: Sara Hassan | R12: 150000 | S12: Quality Assurance | T12: 200 | U12: =tbl_Tasks_Clean[[#This Row],[Actual_Cost]]-tbl_Tasks_Clean[[#This Row],[Planned_Cost]] -> -284 | V12: =IFERROR(tbl_Tasks_Clean[[#This Row],[Cost_Variance]]/tbl_Tasks_Clean[[#This Row],[Planned_Cost]],0) -> -0.1136 | W12: =IF(AND(tbl_Tasks_Clean[[#This Row],[Status]]="Completed",tbl_Tasks_Clean[[#This Row],[Delay_Days]]<=0),"On Time",IF(AND(tbl_Tasks_Clean[[#This Row],[Status]]="Completed",tbl_Tasks_Clean[[#This Row],[Delay_Days]]>0),"Late","N/A")) -> N/A | X12: {=_xlfn.IFS(tbl_Tasks_Clean[[#This Row],[Planned_Duration_Days]]<=7,"Short (<=7 days)",tbl_Tasks_Clean[[#This Row],[Planned_Duration_Days]]<=20,"Medium (8-20 days)",TRUE,"Long (>20 days)")} -> Medium (8-20 days) | Y12: =INDEX(Projects!$D:$D,MATCH(tbl_Tasks_Clean[[#This Row],[Project_ID]],Projects!$A:$A,0)) -> Sara Hassan | Z12: =IF(tbl_Tasks_Clean[[#This Row],[Delay_Days]]>0,"Delayed by "&TEXT(tbl_Tasks_Clean[[#This Row],[Delay_Days]],"0")&" days",IF(tbl_Tasks_Clean[[#This Row],[Delay_Days]]<0,"Early by "&TEXT(-tbl_Tasks_Clean[[#This Row],[Delay_Days]],"0")&" days","On schedule")) -> Delayed by 2 days
A13: TSK-0211 | B13: PRJ-011 | C13: HR System Implementation | D13: Document training material | E13: IT | F13: Tarek Abdelrahman | G13: High | H13: In Progress | I13: 4000 | J13: 2110 | K13: 45473 | L13: 45488 | N13: 15 | O13: 0 | P13: Giza Health Systems | Q13: Ahmed Nabil | R13: 200000 | S13: IT | T13: 180 | U13: =tbl_Tasks_Clean[[#This Row],[Actual_Cost]]-tbl_Tasks_Clean[[#This Row],[Planned_Cost]] -> -1890 | V13: =IFERROR(tbl_Tasks_Clean[[#This Row],[Cost_Variance]]/tbl_Tasks_Clean[[#This Row],[Planned_Cost]],0) -> -0.4725 | W13: =IF(AND(tbl_Tasks_Clean[[#This Row],[Status]]="Completed",tbl_Tasks_Clean[[#This Row],[Delay_Days]]<=0),"On Time",IF(AND(tbl_Tasks_Clean[[#This Row],[Status]]="Completed",tbl_Tasks_Clean[[#This Row],[Delay_Days]]>0),"Late","N/A")) -> N/A | X13: {=_xlfn.IFS(tbl_Tasks_Clean[[#This Row],[Planned_Duration_Days]]<=7,"Short (<=7 days)",tbl_Tasks_Clean[[#This Row],[Planned_Duration_Days]]<=20,"Medium (8-20 days)",TRUE,"Long (>20 days)")} -> Medium (8-20 days) | Y13: =INDEX(Projects!$D:$D,MATCH(tbl_Tasks_Clean[[#This Row],[Project_ID]],Projects!$A:$A,0)) -> Ahmed Nabil | Z13: =IF(tbl_Tasks_Clean[[#This Row],[Delay_Days]]>0,"Delayed by "&TEXT(tbl_Tasks_Clean[[#This Row],[Delay_Days]],"0")&" days",IF(tbl_Tasks_Clean[[#This Row],[Delay_Days]]<0,"Early by "&TEXT(-tbl_Tasks_Clean[[#This Row],[Delay_Days]],"0")&" days","On schedule")) -> On schedule
A14: TSK-0038 | B14: PRJ-002 | C14: ERP System Rollout | D14: Audit API integration | E14: Procurement | F14: Tarek Abdelrahman | G14: High | H14: Not Started | I14: 6000 | J14: 0 | K14: 45513 | L14: 45536 | N14: 23 | O14: 0 | P14: Delta Retail Group | Q14: Youssef Adel | R14: 150000 | S14: IT | T14: 180 | U14: =tbl_Tasks_Clean[[#This Row],[Actual_Cost]]-tbl_Tasks_Clean[[#This Row],[Planned_Cost]] -> -6000 | V14: =IFERROR(tbl_Tasks_Clean[[#This Row],[Cost_Variance]]/tbl_Tasks_Clean[[#This Row],[Planned_Cost]],0) -> -1 | W14: =IF(AND(tbl_Tasks_Clean[[#This Row],[Status]]="Completed",tbl_Tasks_Clean[[#This Row],[Delay_Days]]<=0),"On Time",IF(AND(tbl_Tasks_Clean[[#This Row],[Status]]="Completed",tbl_Tasks_Clean[[#This Row],[Delay_Days]]>0),"Late","N/A")) -> N/A | X14: {=_xlfn.IFS(tbl_Tasks_Clean[[#This Row],[Planned_Duration_Days]]<=7,"Short (<=7 days)",tbl_Tasks_Clean[[#This Row],[Planned_Duration_Days]]<=20,"Medium (8-20 days)",TRUE,"Long (>20 days)")} -> Long (>20 days) | Y14: =INDEX(Projects!$D:$D,MATCH(tbl_Tasks_Clean[[#This Row],[Project_ID]],Projects!$A:$A,0)) -> Youssef Adel | Z14: =IF(tbl_Tasks_Clean[[#This Row],[Delay_Days]]>0,"Delayed by "&TEXT(tbl_Tasks_Clean[[#This Row],[Delay_Days]],"0")&" days",IF(tbl_Tasks_Clean[[#This Row],[Delay_Days]]<0,"Early by "&TEXT(-tbl_Tasks_Clean[[#This Row],[Delay_Days]],"0")&" days","On schedule")) -> On schedule
A15: TSK-0216 | B15: PRJ-011 | C15: HR System Implementation | D15: Procure warehouse layout | E15: Marketing | F15: Khaled Younes | G15: Low | H15: In Progress | I15: 1500 | J15: 377 | K15: 45385 | L15: 45412 | N15: 27 | O15: 0 | P15: Giza Health Systems | Q15: Ahmed Nabil | R15: 200000 | S15: Finance | T15: 280 | U15: =tbl_Tasks_Clean[[#This Row],[Actual_Cost]]-tbl_Tasks_Clean[[#This Row],[Planned_Cost]] -> -1123 | V15: =IFERROR(tbl_Tasks_Clean[[#This Row],[Cost_Variance]]/tbl_Tasks_Clean[[#This Row],[Planned_Cost]],0) -> -0.74866667 | W15: =IF(AND(tbl_Tasks_Clean[[#This Row],[Status]]="Completed",tbl_Tasks_Clean[[#This Row],[Delay_Days]]<=0),"On Time",IF(AND(tbl_Tasks_Clean[[#This Row],[Status]]="Completed",tbl_Tasks_Clean[[#This Row],[Delay_Days]]>0),"Late","N/A")) -> N/A | X15: {=_xlfn.IFS(tbl_Tasks_Clean[[#This Row],[Planned_Duration_Days]]<=7,"Short (<=7 days)",tbl_Tasks_Clean[[#This Row],[Planned_Duration_Days]]<=20,"Medium (8-20 days)",TRUE,"Long (>20 days)")} -> Long (>20 days) | Y15: =INDEX(Projects!$D:$D,MATCH(tbl_Tasks_Clean[[#This Row],[Project_ID]],Projects!$A:$A,0)) -> Ahmed Nabil | Z15: =IF(tbl_Tasks_Clean[[#This Row],[Delay_Days]]>0,"Delayed by "&TEXT(tbl_Tasks_Clean[[#This Row],[Delay_Days]],"0")&" days",IF(tbl_Tasks_Clean[[#This Row],[Delay_Days]]<0,"Early by "&TEXT(-tbl_Tasks_Clean[[#This Row],[Delay_Days]],"0")&" days","On schedule")) -> On schedule
A16: TSK-0093 | B16: PRJ-005 | C16: Customer Portal Upgrade | D16: Procure vendor contract | E16: Marketing | F16: Dina Zaki | G16: Medium | H16: Completed | I16: 0 | J16: 2553 | K16: 45301 | L16: 45306 | M16: 45303 | N16: 5 | O16: -3 | P16: Horizon Manufacturing | Q16: Ahmed Nabil | R16: 50000 | S16: IT | T16: 220 | U16: =tbl_Tasks_Clean[[#This Row],[Actual_Cost]]-tbl_Tasks_Clean[[#This Row],[Planned_Cost]] -> 2553 | V16: =IFERROR(tbl_Tasks_Clean[[#This Row],[Cost_Variance]]/tbl_Tasks_Clean[[#This Row],[Planned_Cost]],0) -> 0 | W16: =IF(AND(tbl_Tasks_Clean[[#This Row],[Status]]="Completed",tbl_Tasks_Clean[[#This Row],[Delay_Days]]<=0),"On Time",IF(AND(tbl_Tasks_Clean[[#This Row],[Status]]="Completed",tbl_Tasks_Clean[[#This Row],[Delay_Days]]>0),"Late","N/A")) -> On Time | X16: {=_xlfn.IFS(tbl_Tasks_Clean[[#This Row],[Planned_Duration_Days]]<=7,"Short (<=7 days)",tbl_Tasks_Clean[[#This Row],[Planned_Duration_Days]]<=20,"Medium (8-20 days)",TRUE,"Long (>20 days)")} -> Short (<=7 days) | Y16: =INDEX(Projects!$D:$D,MATCH(tbl_Tasks_Clean[[#This Row],[Project_ID]],Projects!$A:$A,0)) -> Ahmed Nabil | Z16: =IF(tbl_Tasks_Clean[[#This Row],[Delay_Days]]>0,"Delayed by "&TEXT(tbl_Tasks_Clean[[#This Row],[Delay_Days]],"0")&" days",IF(tbl_Tasks_Clean[[#This Row],[Delay_Days]]<0,"Early by "&TEXT(-tbl_Tasks_Clean[[#This Row],[Delay_Days]],"0")&" days","On schedule")) -> Early by 3 days
A17: TSK-0212 | B17: PRJ-011 | C17: HR System Implementation | D17: Test backup procedure | E17: IT | F17: Farida Younes | G17: High | H17: Not Started | I17: 5000 | J17: 0 | K17: 45434 | L17: 45442 | N17: 8 | O17: 0 | P17: Giza Health Systems | Q17: Ahmed Nabil | R17: 200000 | S17: Operations | T17: 180 | U17: =tbl_Tasks_Clean[[#This Row],[Actual_Cost]]-tbl_Tasks_Clean[[#This Row],[Planned_Cost]] -> -5000 | V17: =IFERROR(tbl_Tasks_Clean[[#This Row],[Cost_Variance]]/tbl_Tasks_Clean[[#This Row],[Planned_Cost]],0) -> -1 | W17: =IF(AND(tbl_Tasks_Clean[[#This Row],[Status]]="Completed",tbl_Tasks_Clean[[#This Row],[Delay_Days]]<=0),"On Time",IF(AND(tbl_Tasks_Clean[[#This Row],[Status]]="Completed",tbl_Tasks_Clean[[#This Row],[Delay_Days]]>0),"Late","N/A")) -> N/A | X17: {=_xlfn.IFS(tbl_Tasks_Clean[[#This Row],[Planned_Duration_Days]]<=7,"Short (<=7 days)",tbl_Tasks_Clean[[#This Row],[Planned_Duration_Days]]<=20,"Medium (8-20 days)",TRUE,"Long (>20 days)")} -> Medium (8-20 days) | Y17: =INDEX(Projects!$D:$D,MATCH(tbl_Tasks_Clean[[#This Row],[Project_ID]],Projects!$A:$A,0)) -> Ahmed Nabil | Z17: =IF(tbl_Tasks_Clean[[#This Row],[Delay_Days]]>0,"Delayed by "&TEXT(tbl_Tasks_Clean[[#This Row],[Delay_Days]],"0")&" days",IF(tbl_Tasks_Clean[[#This Row],[Delay_Days]]<0,"Early by "&TEXT(-tbl_Tasks_Clean[[#This Row],[Delay_Days]],"0")&" days","On schedule")) -> On schedule
A18: TSK-0058 | B18: PRJ-003 | C18: Mobile App Launch | D18: Audit inventory system | F18: Tarek Shawky | G18: Medium | H18: Not Started | I18: 1000 | J18: 0 | K18: 45493 | L18: 45523 | N18: 30 | O18: 0 | P18: Alexandria Logistics | Q18: Ahmed Nabil | R18: 100000 | S18: Procurement | T18: 150 | U18: =tbl_Tasks_Clean[[#This Row],[Actual_Cost]]-tbl_Tasks_Clean[[#This Row],[Planned_Cost]] -> -1000 | V18: =IFERROR(tbl_Tasks_Clean[[#This Row],[Cost_Variance]]/tbl_Tasks_Clean[[#This Row],[Planned_Cost]],0) -> -1 | W18: =IF(AND(tbl_Tasks_Clean[[#This Row],[Status]]="Completed",tbl_Tasks_Clean[[#This Row],[Delay_Days]]<=0),"On Time",IF(AND(tbl_Tasks_Clean[[#This Row],[Status]]="Completed",tbl_Tasks_Clean[[#This Row],[Delay_Days]]>0),"Late","N/A")) -> N/A | X18: {=_xlfn.IFS(tbl_Tasks_Clean[[#This Row],[Planned_Duration_Days]]<=7,"Short (<=7 days)",tbl_Tasks_Clean[[#This Row],[Planned_Duration_Days]]<=20,"Medium (8-20 days)",TRUE,"Long (>20 days)")} -> Long (>20 days) | Y18: =INDEX(Projects!$D:$D,MATCH(tbl_Tasks_Clean[[#This Row],[Project_ID]],Projects!$A:$A,0)) -> Ahmed Nabil | Z18: =IF(tbl_Tasks_Clean[[#This Row],[Delay_Days]]>0,"Delayed by "&TEXT(tbl_Tasks_Clean[[#This Row],[Delay_Days]],"0")&" days",IF(tbl_Tasks_Clean[[#This Row],[Delay_Days]]<0,"Early by "&TEXT(-tbl_Tasks_Clean[[#This Row],[Delay_Days]],"0")&" days","On schedule")) -> On schedule
A19: TSK-0213 | B19: PRJ-011 | C19: HR System Implementation | D19: Train users on hardware setup | E19: Marketing | F19: Reem Gaber | G19: Low | H19: In Progress | I19: 1500 | J19: 598 | K19: 45387 | L19: 45391 | N19: 4 | O19: 0 | P19: Giza Health Systems | Q19: Ahmed Nabil | R19: 200000 | S19: Operations | T19: 180 | U19: =tbl_Tasks_Clean[[#This Row],[Actual_Cost]]-tbl_Tasks_Clean[[#This Row],[Planned_Cost]] -> -902 | V19: =IFERROR(tbl_Tasks_Clean[[#This Row],[Cost_Variance]]/tbl_Tasks_Clean[[#This Row],[Planned_Cost]],0) -> -0.60133333 | W19: =IF(AND(tbl_Tasks_Clean[[#This Row],[Status]]="Completed",tbl_Tasks_Clean[[#This Row],[Delay_Days]]<=0),"On Time",IF(AND(tbl_Tasks_Clean[[#This Row],[Status]]="Completed",tbl_Tasks_Clean[[#This Row],[Delay_Days]]>0),"Late","N/A")) -> N/A | X19: {=_xlfn.IFS(tbl_Tasks_Clean[[#This Row],[Planned_Duration_Days]]<=7,"Short (<=7 days)",tbl_Tasks_Clean[[#This Row],[Planned_Duration_Days]]<=20,"Medium (8-20 days)",TRUE,"Long (>20 days)")} -> Short (<=7 days) | Y19: =INDEX(Projects!$D:$D,MATCH(tbl_Tasks_Clean[[#This Row],[Project_ID]],Projects!$A:$A,0)) -> Ahmed Nabil | Z19: =IF(tbl_Tasks_Clean[[#This Row],[Delay_Days]]>0,"Delayed by "&TEXT(tbl_Tasks_Clean[[#This Row],[Delay_Days]],"0")&" days",IF(tbl_Tasks_Clean[[#This Row],[Delay_Days]]<0,"Early by "&TEXT(-tbl_Tasks_Clean[[#This Row],[Delay_Days]],"0")&" days","On schedule")) -> On schedule
A20: TSK-0024 | B20: PRJ-002 | C20: ERP System Rollout | D20: Migrate backup procedure | E20: Finance | F20: Sherif Hosny | G20: Low | H20: Completed | I20: 1500 | J20: 1799 | K20: 45542 | L20: 45553 | M20: 45553 | N20: 11 | O20: 0 | P20: Delta Retail Group | Q20: Youssef Adel | R20: 150000 | S20: Operations | T20: 200 | U20: =tbl_Tasks_Clean[[#This Row],[Actual_Cost]]-tbl_Tasks_Clean[[#This Row],[Planned_Cost]] -> 299 | V20: =IFERROR(tbl_Tasks_Clean[[#This Row],[Cost_Variance]]/tbl_Tasks_Clean[[#This Row],[Planned_Cost]],0) -> 0.19933333 | W20: =IF(AND(tbl_Tasks_Clean[[#This Row],[Status]]="Completed",tbl_Tasks_Clean[[#This Row],[Delay_Days]]<=0),"On Time",IF(AND(tbl_Tasks_Clean[[#This Row],[Status]]="Completed",tbl_Tasks_Clean[[#This Row],[Delay_Days]]>0),"Late","N/A")) -> On Time | X20: {=_xlfn.IFS(tbl_Tasks_Clean[[#This Row],[Planned_Duration_Days]]<=7,"Short (<=7 days)",tbl_Tasks_Clean[[#This Row],[Planned_Duration_Days]]<=20,"Medium (8-20 days)",TRUE,"Long (>20 days)")} -> Medium (8-20 days) | Y20: =INDEX(Projects!$D:$D,MATCH(tbl_Tasks_Clean[[#This Row],[Project_ID]],Projects!$A:$A,0)) -> Youssef Adel | Z20: =IF(tbl_Tasks_Clean[[#This Row],[Delay_Days]]>0,"Delayed by "&TEXT(tbl_Tasks_Clean[[#This Row],[Delay_Days]],"0")&" days",IF(tbl_Tasks_Clean[[#This Row],[Delay_Days]]<0,"Early by "&TEXT(-tbl_Tasks_Clean[[#This Row],[Delay_Days]],"0")&" days","On schedule")) -> On schedule
A21: TSK-0122 | B21: PRJ-006 | C21: CRM Migration | D21: Audit vendor contract | E21: Finance | F21: Aya Ibrahim | G21: Medium | H21: Delayed | I21: 4000 | J21: 4369 | K21: 45472 | L21: 45485 | M21: 45497 | N21: 13 | O21: 12 | P21: BlueWave Telecom | Q21: Mona Farid | R21: 120000 | S21: Quality Assurance | T21: 250 | U21: =tbl_Tasks_Clean[[#This Row],[Actual_Cost]]-tbl_Tasks_Clean[[#This Row],[Planned_Cost]] -> 369 | V21: =IFERROR(tbl_Tasks_Clean[[#This Row],[Cost_Variance]]/tbl_Tasks_Clean[[#This Row],[Planned_Cost]],0) -> 0.09225 | W21: =IF(AND(tbl_Tasks_Clean[[#This Row],[Status]]="Completed",tbl_Tasks_Clean[[#This Row],[Delay_Days]]<=0),"On Time",IF(AND(tbl_Tasks_Clean[[#This Row],[Status]]="Completed",tbl_Tasks_Clean[[#This Row],[Delay_Days]]>0),"Late","N/A")) -> N/A | X21: {=_xlfn.IFS(tbl_Tasks_Clean[[#This Row],[Planned_Duration_Days]]<=7,"Short (<=7 days)",tbl_Tasks_Clean[[#This Row],[Planned_Duration_Days]]<=20,"Medium (8-20 days)",TRUE,"Long (>20 days)")} -> Medium (8-20 days) | Y21: =INDEX(Projects!$D:$D,MATCH(tbl_Tasks_Clean[[#This Row],[Project_ID]],Projects!$A:$A,0)) -> Mona Farid | Z21: =IF(tbl_Tasks_Clean[[#This Row],[Delay_Days]]>0,"Delayed by "&TEXT(tbl_Tasks_Clean[[#This Row],[Delay_Days]],"0")&" days",IF(tbl_Tasks_Clean[[#This Row],[Delay_Days]]<0,"Early by "&TEXT(-tbl_Tasks_Clean[[#This Row],[Delay_Days]],"0")&" days","On schedule")) -> Delayed by 12 days
A22: TSK-0101 | B22: PRJ-005 | C22: Customer Portal Upgrade | D22: Design network infrastructure | E22: Quality | F22: Aya Ibrahim | G22: Medium | H22: Completed | I22: 5000 | J22: 4772 | O22: 0 | P22: Horizon Manufacturing | Q22: Ahmed Nabil | R22: 50000 | S22: Quality Assurance | T22: 250 | U22: =tbl_Tasks_Clean[[#This Row],[Actual_Cost]]-tbl_Tasks_Clean[[#This Row],[Planned_Cost]] -> -228 | V22: =IFERROR(tbl_Tasks_Clean[[#This Row],[Cost_Variance]]/tbl_Tasks_Clean[[#This Row],[Planned_Cost]],0) -> -0.0456 | W22: =IF(AND(tbl_Tasks_Clean[[#This Row],[Status]]="Completed",tbl_Tasks_Clean[[#This Row],[Delay_Days]]<=0),"On Time",IF(AND(tbl_Tasks_Clean[[#This Row],[Status]]="Completed",tbl_Tasks_Clean[[#This Row],[Delay_Days]]>0),"Late","N/A")) -> On Time | X22: {=_xlfn.IFS(tbl_Tasks_Clean[[#This Row],[Planned_Duration_Days]]<=7,"Short (<=7 days)",tbl_Tasks_Clean[[#This Row],[Planned_Duration_Days]]<=20,"Medium (8-20 days)",TRUE,"Long (>20 days)")} -> Short (<=7 days) | Y22: =INDEX(Projects!$D:$D,MATCH(tbl_Tasks_Clean[[#This Row],[Project_ID]],Projects!$A:$A,0)) -> Ahmed Nabil | Z22: =IF(tbl_Tasks_Clean[[#This Row],[Delay_Days]]>0,"Delayed by "&TEXT(tbl_Tasks_Clean[[#This Row],[Delay_Days]],"0")&" days",IF(tbl_Tasks_Clean[[#This Row],[Delay_Days]]<0,"Early by "&TEXT(-tbl_Tasks_Clean[[#This Row],[Delay_Days]],"0")&" days","On schedule")) -> On schedule
A23: TSK-0090 | B23: PRJ-005 | C23: Customer Portal Upgrade | D23: Optimize quality checklist | E23: Marketing | F23: Farida Zaki | G23: Low | H23: Completed | I23: 10000 | J23: 7969 | K23: 45341 | L23: 45370 | M23: 45368 | N23: 29 | O23: -2 | P23: Horizon Manufacturing | Q23: Ahmed Nabil | R23: 50000 | S23: Operations | T23: 200 | U23: =tbl_Tasks_Clean[[#This Row],[Actual_Cost]]-tbl_Tasks_Clean[[#This Row],[Planned_Cost]] -> -2031 | V23: =IFERROR(tbl_Tasks_Clean[[#This Row],[Cost_Variance]]/tbl_Tasks_Clean[[#This Row],[Planned_Cost]],0) -> -0.2031 | W23: =IF(AND(tbl_Tasks_Clean[[#This Row],[Status]]="Completed",tbl_Tasks_Clean[[#This Row],[Delay_Days]]<=0),"On Time",IF(AND(tbl_Tasks_Clean[[#This Row],[Status]]="Completed",tbl_Tasks_Clean[[#This Row],[Delay_Days]]>0),"Late","N/A")) -> On Time | X23: {=_xlfn.IFS(tbl_Tasks_Clean[[#This Row],[Planned_Duration_Days]]<=7,"Short (<=7 days)",tbl_Tasks_Clean[[#This Row],[Planned_Duration_Days]]<=20,"Medium (8-20 days)",TRUE,"Long (>20 days)")} -> Long (>20 days) | Y23: =INDEX(Projects!$D:$D,MATCH(tbl_Tasks_Clean[[#This Row],[Project_ID]],Projects!$A:$A,0)) -> Ahmed Nabil | Z23: =IF(tbl_Tasks_Clean[[#This Row],[Delay_Days]]>0,"Delayed by "&TEXT(tbl_Tasks_Clean[[#This Row],[Delay_Days]],"0")&" days",IF(tbl_Tasks_Clean[[#This Row],[Delay_Days]]<0,"Early by "&TEXT(-tbl_Tasks_Clean[[#This Row],[Delay_Days]],"0")&" days","On schedule")) -> Early by 2 days
A24: TSK-0299 | B24: PRJ-015 | C24: Data Center Upgrade | D24: Configure supplier list | E24: Finance | F24: Dina Fouad | G24: High | H24: In Progress | I24: 4000 | J24: 1678 | K24: 45508 | L24: 45530 | N24: 22 | O24: 0 | P24: Internal | Q24: Nourhan Tarek | R24: 75000 | S24: Marketing | T24: 300 | U24: =tbl_Tasks_Clean[[#This Row],[Actual_Cost]]-tbl_Tasks_Clean[[#This Row],[Planned_Cost]] -> -2322 | V24: =IFERROR(tbl_Tasks_Clean[[#This Row],[Cost_Variance]]/tbl_Tasks_Clean[[#This Row],[Planned_Cost]],0) -> -0.5805 | W24: =IF(AND(tbl_Tasks_Clean[[#This Row],[Status]]="Completed",tbl_Tasks_Clean[[#This Row],[Delay_Days]]<=0),"On Time",IF(AND(tbl_Tasks_Clean[[#This Row],[Status]]="Completed",tbl_Tasks_Clean[[#This Row],[Delay_Days]]>0),"Late","N/A")) -> N/A | X24: {=_xlfn.IFS(tbl_Tasks_Clean[[#This Row],[Planned_Duration_Days]]<=7,"Short (<=7 days)",tbl_Tasks_Clean[[#This Row],[Planned_Duration_Days]]<=20,"Medium (8-20 days)",TRUE,"Long (>20 days)")} -> Long (>20 days) | Y24: =INDEX(Projects!$D:$D,MATCH(tbl_Tasks_Clean[[#This Row],[Project_ID]],Projects!$A:$A,0)) -> Nourhan Tarek | Z24: =IF(tbl_Tasks_Clean[[#This Row],[Delay_Days]]>0,"Delayed by "&TEXT(tbl_Tasks_Clean[[#This Row],[Delay_Days]],"0")&" days",IF(tbl_Tasks_Clean[[#This Row],[Delay_Days]]<0,"Early by "&TEXT(-tbl_Tasks_Clean[[#This Row],[Delay_Days]],"0")&" days","On schedule")) -> On schedule
A25: TSK-0303 | B25: PRJ-015 | C25: Data Center Upgrade | D25: Plan hardware setup | E25: Finance | F25: Farida Shawky | G25: Medium | H25: Not Started | I25: 10000 | J25: 0 | K25: 45438 | L25: 45459 | N25: 21 | O25: 0 | P25: Internal | Q25: Nourhan Tarek | R25: 75000 | S25: Procurement | T25: 250 | U25: =tbl_Tasks_Clean[[#This Row],[Actual_Cost]]-tbl_Tasks_Clean[[#This Row],[Planned_Cost]] -> -10000 | V25: =IFERROR(tbl_Tasks_Clean[[#This Row],[Cost_Variance]]/tbl_Tasks_Clean[[#This Row],[Planned_Cost]],0) -> -1 | W25: =IF(AND(tbl_Tasks_Clean[[#This Row],[Status]]="Completed",tbl_Tasks_Clean[[#This Row],[Delay_Days]]<=0),"On Time",IF(AND(tbl_Tasks_Clean[[#This Row],[Status]]="Completed",tbl_Tasks_Clean[[#This Row],[Delay_Days]]>0),"Late","N/A")) -> N/A | X25: {=_xlfn.IFS(tbl_Tasks_Clean[[#This Row],[Planned_Duration_Days]]<=7,"Short (<=7 days)",tbl_Tasks_Clean[[#This Row],[Planned_Duration_Days]]<=20,"Medium (8-20 days)",TRUE,"Long (>20 days)")} -> Long (>20 days) | Y25: =INDEX(Projects!$D:$D,MATCH(tbl_Tasks_Clean[[#This Row],[Project_ID]],Projects!$A:$A,0)) -> Nourhan Tarek | Z25: =IF(tbl_Tasks_Clean[[#This Row],[Delay_Days]]>0,"Delayed by "&TEXT(tbl_Tasks_Clean[[#This Row],[Delay_Days]],"0")&" days",IF(tbl_Tasks_Clean[[#This Row],[Delay_Days]]<0,"Early by "&TEXT(-tbl_Tasks_Clean[[#This Row],[Delay_Days]],"0")&" days","On schedule")) -> On schedule
A26: TSK-0172 | B26: PRJ-009 | C26: Supply Chain Optimization | D26: Audit user interface | E26: Quality | F26: Farida Shawky | G26: Low | H26: Completed | I26: 1500 | J26: 1823 | O26: 0 | P26: Suez Trading Co. | Q26: Laila Samir | R26: 100000 | S26: Procurement | T26: 250 | U26: =tbl_Tasks_Clean[[#This Row],[Actual_Cost]]-tbl_Tasks_Clean[[#This Row],[Planned_Cost]] -> 323 | V26: =IFERROR(tbl_Tasks_Clean[[#This Row],[Cost_Variance]]/tbl_Tasks_Clean[[#This Row],[Planned_Cost]],0) -> 0.21533333 | W26: =IF(AND(tbl_Tasks_Clean[[#This Row],[Status]]="Completed",tbl_Tasks_Clean[[#This Row],[Delay_Days]]<=0),"On Time",IF(AND(tbl_Tasks_Clean[[#This Row],[Status]]="Completed",tbl_Tasks_Clean[[#This Row],[Delay_Days]]>0),"Late","N/A")) -> On Time | X26: {=_xlfn.IFS(tbl_Tasks_Clean[[#This Row],[Planned_Duration_Days]]<=7,"Short (<=7 days)",tbl_Tasks_Clean[[#This Row],[Planned_Duration_Days]]<=20,"Medium (8-20 days)",TRUE,"Long (>20 days)")} -> Short (<=7 days) | Y26: =INDEX(Projects!$D:$D,MATCH(tbl_Tasks_Clean[[#This Row],[Project_ID]],Projects!$A:$A,0)) -> Laila Samir | Z26: =IF(tbl_Tasks_Clean[[#This Row],[Delay_Days]]>0,"Delayed by "&TEXT(tbl_Tasks_Clean[[#This Row],[Delay_Days]],"0")&" days",IF(tbl_Tasks_Clean[[#This Row],[Delay_Days]]<0,"Early by "&TEXT(-tbl_Tasks_Clean[[#This Row],[Delay_Days]],"0")&" days","On schedule")) -> On schedule
A27: TSK-0150 | B27: PRJ-008 | C27: Office Relocation | D27: Develop training material | E27: Finance | F27: Mariam Kamal | G27: High | H27: Delayed | I27: 1000 | J27: 1347 | K27: 45493 | L27: 45511 | M27: 45516 | N27: 18 | O27: 5 | P27: Pharos Holdings | Q27: Nourhan Tarek | R27: 300000 | S27: Procurement | T27: 180 | U27: =tbl_Tasks_Clean[[#This Row],[Actual_Cost]]-tbl_Tasks_Clean[[#This Row],[Planned_Cost]] -> 347 | V27: =IFERROR(tbl_Tasks_Clean[[#This Row],[Cost_Variance]]/tbl_Tasks_Clean[[#This Row],[Planned_Cost]],0) -> 0.347 | W27: =IF(AND(tbl_Tasks_Clean[[#This Row],[Status]]="Completed",tbl_Tasks_Clean[[#This Row],[Delay_Days]]<=0),"On Time",IF(AND(tbl_Tasks_Clean[[#This Row],[Status]]="Completed",tbl_Tasks_Clean[[#This Row],[Delay_Days]]>0),"Late","N/A")) -> N/A | X27: {=_xlfn.IFS(tbl_Tasks_Clean[[#This Row],[Planned_Duration_Days]]<=7,"Short (<=7 days)",tbl_Tasks_Clean[[#This Row],[Planned_Duration_Days]]<=20,"Medium (8-20 days)",TRUE,"Long (>20 days)")} -> Medium (8-20 days) | Y27: =INDEX(Projects!$D:$D,MATCH(tbl_Tasks_Clean[[#This Row],[Project_ID]],Projects!$A:$A,0)) -> Nourhan Tarek | Z27: =IF(tbl_Tasks_Clean[[#This Row],[Delay_Days]]>0,"Delayed by "&TEXT(tbl_Tasks_Clean[[#This Row],[Delay_Days]],"0")&" days",IF(tbl_Tasks_Clean[[#This Row],[Delay_Days]]<0,"Early by "&TEXT(-tbl_Tasks_Clean[[#This Row],[Delay_Days]],"0")&" days","On schedule")) -> Delayed by 5 days
A28: TSK-0149 | B28: PRJ-008 | C28: Office Relocation | D28: Test API integration | E28: Quality | F28: Sherif Ibrahim | G28: Medium | H28: Not Started | I28: 1000 | J28: 0 | O28: 0 | P28: Pharos Holdings | Q28: Nourhan Tarek | R28: 300000 | S28: Procurement | T28: 180 | U28: =tbl_Tasks_Clean[[#This Row],[Actual_Cost]]-tbl_Tasks_Clean[[#This Row],[Planned_Cost]] -> -1000 | V28: =IFERROR(tbl_Tasks_Clean[[#This Row],[Cost_Variance]]/tbl_Tasks_Clean[[#This Row],[Planned_Cost]],0) -> -1 | W28: =IF(AND(tbl_Tasks_Clean[[#This Row],[Status]]="Completed",tbl_Tasks_Clean[[#This Row],[Delay_Days]]<=0),"On Time",IF(AND(tbl_Tasks_Clean[[#This Row],[Status]]="Completed",tbl_Tasks_Clean[[#This Row],[Delay_Days]]>0),"Late","N/A")) -> N/A | X28: {=_xlfn.IFS(tbl_Tasks_Clean[[#This Row],[Planned_Duration_Days]]<=7,"Short (<=7 days)",tbl_Tasks_Clean[[#This Row],[Planned_Duration_Days]]<=20,"Medium (8-20 days)",TRUE,"Long (>20 days)")} -> Short (<=7 days) | Y28: =INDEX(Projects!$D:$D,MATCH(tbl_Tasks_Clean[[#This Row],[Project_ID]],Projects!$A:$A,0)) -> Nourhan Tarek | Z28: =IF(tbl_Tasks_Clean[[#This Row],[Delay_Days]]>0,"Delayed by "&TEXT(tbl_Tasks_Clean[[#This Row],[Delay_Days]],"0")&" days",IF(tbl_Tasks_Clean[[#This Row],[Delay_Days]]<0,"Early by "&TEXT(-tbl_Tasks_Clean[[#This Row],[Delay_Days]],"0")&" days","On schedule")) -> On schedule
A29: TSK-0198 | B29: PRJ-010 | C29: Product Line Expansion | D29: Plan database schema | E29: IT | F29: Unassigned | G29: High | H29: Completed | I29: 8000 | J29: 5874 | K29: 45442 | L29: 45456 | M29: 45456 | N29: 14 | O29: 0 | P29: Internal | Q29: Sara Hassan | R29: 150000 | U29: =tbl_Tasks_Clean[[#This Row],[Actual_Cost]]-tbl_Tasks_Clean[[#This Row],[Planned_Cost]] -> -2126 | V29: =IFERROR(tbl_Tasks_Clean[[#This Row],[Cost_Variance]]/tbl_Tasks_Clean[[#This Row],[Planned_Cost]],0) -> -0.26575 | W29: =IF(AND(tbl_Tasks_Clean[[#This Row],[Status]]="Completed",tbl_Tasks_Clean[[#This Row],[Delay_Days]]<=0),"On Time",IF(AND(tbl_Tasks_Clean[[#This Row],[Status]]="Completed",tbl_Tasks_Clean[[#This Row],[Delay_Days]]>0),"Late","N/A")) -> On Time | X29: {=_xlfn.IFS(tbl_Tasks_Clean[[#This Row],[Planned_Duration_Days]]<=7,"Short (<=7 days)",tbl_Tasks_Clean[[#This Row],[Planned_Duration_Days]]<=20,"Medium (8-20 days)",TRUE,"Long (>20 days)")} -> Medium (8-20 days) | Y29: =INDEX(Projects!$D:$D,MATCH(tbl_Tasks_Clean[[#This Row],[Project_ID]],Projects!$A:$A,0)) -> Sara Hassan | Z29: =IF(tbl_Tasks_Clean[[#This Row],[Delay_Days]]>0,"Delayed by "&TEXT(tbl_Tasks_Clean[[#This Row],[Delay_Days]],"0")&" days",IF(tbl_Tasks_Clean[[#This Row],[Delay_Days]]<0,"Early by "&TEXT(-tbl_Tasks_Clean[[#This Row],[Delay_Days]],"0")&" days","On schedule")) -> On schedule
A30: TSK-0119 | B30: PRJ-006 | C30: CRM Migration | D30: Document user interface | E30: Quality | F30: Ziad Abdelrahman | G30: Medium | H30: Done | I30: 10000 | J30: 12422 | O30: 0 | P30: BlueWave Telecom | Q30: Mona Farid | R30: 120000 | S30: Finance | T30: 220 | U30: =tbl_Tasks_Clean[[#This Row],[Actual_Cost]]-tbl_Tasks_Clean[[#This Row],[Planned_Cost]] -> 2422 | V30: =IFERROR(tbl_Tasks_Clean[[#This Row],[Cost_Variance]]/tbl_Tasks_Clean[[#This Row],[Planned_Cost]],0) -> 0.2422 | W30: =IF(AND(tbl_Tasks_Clean[[#This Row],[Status]]="Completed",tbl_Tasks_Clean[[#This Row],[Delay_Days]]<=0),"On Time",IF(AND(tbl_Tasks_Clean[[#This Row],[Status]]="Completed",tbl_Tasks_Clean[[#This Row],[Delay_Days]]>0),"Late","N/A")) -> N/A | X30: {=_xlfn.IFS(tbl_Tasks_Clean[[#This Row],[Planned_Duration_Days]]<=7,"Short (<=7 days)",tbl_Tasks_Clean[[#This Row],[Planned_Duration_Days]]<=20,"Medium (8-20 days)",TRUE,"Long (>20 days)")} -> Short (<=7 days) | Y30: =INDEX(Projects!$D:$D,MATCH(tbl_Tasks_Clean[[#This Row],[Project_ID]],Projects!$A:$A,0)) -> Mona Farid | Z30: =IF(tbl_Tasks_Clean[[#This Row],[Delay_Days]]>0,"Delayed by "&TEXT(tbl_Tasks_Clean[[#This Row],[Delay_Days]],"0")&" days",IF(tbl_Tasks_Clean[[#This Row],[Delay_Days]]<0,"Early by "&TEXT(-tbl_Tasks_Clean[[#This Row],[Delay_Days]],"0")&" days","On schedule")) -> On schedule
A31: TSK-0304 | B31: PRJ-015 | C31: Data Center Upgrade | D31: Approve budget report | E31: Marketing | F31: Khaled Naguib | G31: Low | H31: Delayed | I31: 2000 | J31: 2297 | K31: 45506 | L31: 45529 | M31: 45530 | N31: 23 | O31: 1 | P31: Internal | Q31: Nourhan Tarek | R31: 75000 | S31: Finance | T31: 250 | U31: =tbl_Tasks_Clean[[#This Row],[Actual_Cost]]-tbl_Tasks_Clean[[#This Row],[Planned_Cost]] -> 297 | V31: =IFERROR(tbl_Tasks_Clean[[#This Row],[Cost_Variance]]/tbl_Tasks_Clean[[#This Row],[Planned_Cost]],0) -> 0.1485 | W31: =IF(AND(tbl_Tasks_Clean[[#This Row],[Status]]="Completed",tbl_Tasks_Clean[[#This Row],[Delay_Days]]<=0),"On Time",IF(AND(tbl_Tasks_Clean[[#This Row],[Status]]="Completed",tbl_Tasks_Clean[[#This Row],[Delay_Days]]>0),"Late","N/A")) -> N/A | X31: {=_xlfn.IFS(tbl_Tasks_Clean[[#This Row],[Planned_Duration_Days]]<=7,"Short (<=7 days)",tbl_Tasks_Clean[[#This Row],[Planned_Duration_Days]]<=20,"Medium (8-20 days)",TRUE,"Long (>20 days)")} -> Long (>20 days) | Y31: =INDEX(Projects!$D:$D,MATCH(tbl_Tasks_Clean[[#This Row],[Project_ID]],Projects!$A:$A,0)) -> Nourhan Tarek | Z31: =IF(tbl_Tasks_Clean[[#This Row],[Delay_Days]]>0,"Delayed by "&TEXT(tbl_Tasks_Clean[[#This Row],[Delay_Days]],"0")&" days",IF(tbl_Tasks_Clean[[#This Row],[Delay_Days]]<0,"Early by "&TEXT(-tbl_Tasks_Clean[[#This Row],[Delay_Days]],"0")&" days","On schedule")) -> Delayed by 1 days
A32: TSK-0048 | B32: PRJ-003 | C32: Mobile App Launch | D32: Install vendor contract | E32: IT | F32: Salma Fouad | G32: Medium | H32: Completed | I32: 1500 | J32: 1286 | K32: 45352 | L32: 45372 | M32: 45372 | N32: 20 | O32: 0 | P32: Alexandria Logistics | Q32: Ahmed Nabil | R32: 100000 | S32: Quality Assurance | T32: 200 | U32: =tbl_Tasks_Clean[[#This Row],[Actual_Cost]]-tbl_Tasks_Clean[[#This Row],[Planned_Cost]] -> -214 | V32: =IFERROR(tbl_Tasks_Clean[[#This Row],[Cost_Variance]]/tbl_Tasks_Clean[[#This Row],[Planned_Cost]],0) -> -0.14266667 | W32: =IF(AND(tbl_Tasks_Clean[[#This Row],[Status]]="Completed",tbl_Tasks_Clean[[#This Row],[Delay_Days]]<=0),"On Time",IF(AND(tbl_Tasks_Clean[[#This Row],[Status]]="Completed",tbl_Tasks_Clean[[#This Row],[Delay_Days]]>0),"Late","N/A")) -> On Time | X32: {=_xlfn.IFS(tbl_Tasks_Clean[[#This Row],[Planned_Duration_Days]]<=7,"Short (<=7 days)",tbl_Tasks_Clean[[#This Row],[Planned_Duration_Days]]<=20,"Medium (8-20 days)",TRUE,"Long (>20 days)")} -> Medium (8-20 days) | Y32: =INDEX(Projects!$D:$D,MATCH(tbl_Tasks_Clean[[#This Row],[Project_ID]],Projects!$A:$A,0)) -> Ahmed Nabil | Z32: =IF(tbl_Tasks_Clean[[#This Row],[Delay_Days]]>0,"Delayed by "&TEXT(tbl_Tasks_Clean[[#This Row],[Delay_Days]],"0")&" days",IF(tbl_Tasks_Clean[[#This Row],[Delay_Days]]<0,"Early by "&TEXT(-tbl_Tasks_Clean[[#This Row],[Delay_Days]],"0")&" days","On schedule")) -> On schedule
A33: TSK-0051 | B33: PRJ-003 | C33: Mobile App Launch | D33: Approve onboarding process | E33: HR | F33: Mostafa El-Sayed | G33: High | H33: Completed | I33: 5000 | J33: 3653 | K33: 45495 | L33: 45510 | M33: 45508 | N33: 15 | O33: -2 | P33: Alexandria Logistics | Q33: Ahmed Nabil | R33: 100000 | S33: Procurement | T33: 200 | U33: =tbl_Tasks_Clean[[#This Row],[Actual_Cost]]-tbl_Tasks_Clean[[#This Row],[Planned_Cost]] -> -1347 | V33: =IFERROR(tbl_Tasks_Clean[[#This Row],[Cost_Variance]]/tbl_Tasks_Clean[[#This Row],[Planned_Cost]],0) -> -0.2694 | W33: =IF(AND(tbl_Tasks_Clean[[#This Row],[Status]]="Completed",tbl_Tasks_Clean[[#This Row],[Delay_Days]]<=0),"On Time",IF(AND(tbl_Tasks_Clean[[#This Row],[Status]]="Completed",tbl_Tasks_Clean[[#This Row],[Delay_Days]]>0),"Late","N/A")) -> On Time | X33: {=_xlfn.IFS(tbl_Tasks_Clean[[#This Row],[Planned_Duration_Days]]<=7,"Short (<=7 days)",tbl_Tasks_Clean[[#This Row],[Planned_Duration_Days]]<=20,"Medium (8-20 days)",TRUE,"Long (>20 days)")} -> Medium (8-20 days) | Y33: =INDEX(Projects!$D:$D,MATCH(tbl_Tasks_Clean[[#This Row],[Project_ID]],Projects!$A:$A,0)) -> Ahmed Nabil | Z33: =IF(tbl_Tasks_Clean[[#This Row],[Delay_Days]]>0,"Delayed by "&TEXT(tbl_Tasks_Clean[[#This Row],[Delay_Days]],"0")&" days",IF(tbl_Tasks_Clean[[#This Row],[Delay_Days]]<0,"Early by "&TEXT(-tbl_Tasks_Clean[[#This Row],[Delay_Days]],"0")&" days","On schedule")) -> Early by 2 days
A34: TSK-0068 | B34: PRJ-004 | C34: Warehouse Automation | D34: Review API integration | E34: IT | F34: Ziad Abdelrahman | G34: High | H34: Done | I34: 1000 | J34: 1399 | K34: 45582 | L34: 45605 | M34: 45602 | N34: 23 | O34: -3 | P34: Cairo Financial Services | Q34: Laila Samir | R34: 75000 | S34: Finance | T34: 220 | U34: =tbl_Tasks_Clean[[#This Row],[Actual_Cost]]-tbl_Tasks_Clean[[#This Row],[Planned_Cost]] -> 399 | V34: =IFERROR(tbl_Tasks_Clean[[#This Row],[Cost_Variance]]/tbl_Tasks_Clean[[#This Row],[Planned_Cost]],0) -> 0.399 | W34: =IF(AND(tbl_Tasks_Clean[[#This Row],[Status]]="Completed",tbl_Tasks_Clean[[#This Row],[Delay_Days]]<=0),"On Time",IF(AND(tbl_Tasks_Clean[[#This Row],[Status]]="Completed",tbl_Tasks_Clean[[#This Row],[Delay_Days]]>0),"Late","N/A")) -> N/A | X34: {=_xlfn.IFS(tbl_Tasks_Clean[[#This Row],[Planned_Duration_Days]]<=7,"Short (<=7 days)",tbl_Tasks_Clean[[#This Row],[Planned_Duration_Days]]<=20,"Medium (8-20 days)",TRUE,"Long (>20 days)")} -> Long (>20 days) | Y34: =INDEX(Projects!$D:$D,MATCH(tbl_Tasks_Clean[[#This Row],[Project_ID]],Projects!$A:$A,0)) -> Laila Samir | Z34: =IF(tbl_Tasks_Clean[[#This Row],[Delay_Days]]>0,"Delayed by "&TEXT(tbl_Tasks_Clean[[#This Row],[Delay_Days]],"0")&" days",IF(tbl_Tasks_Clean[[#This Row],[Delay_Days]]<0,"Early by "&TEXT(-tbl_Tasks_Clean[[#This Row],[Delay_Days]],"0")&" days","On schedule")) -> Early by 3 days
A35: TSK-0307 | B35: PRJ-015 | C35: Data Center Upgrade | D35: Deploy server configuration | E35: IT | F35: Noor Naguib | G35: High | H35: In Progress | I35: 2500 | J35: 1606 | O35: 0 | P35: Internal | Q35: Nourhan Tarek | R35: 75000 | S35: Marketing | T35: 280 | U35: =tbl_Tasks_Clean[[#This Row],[Actual_Cost]]-tbl_Tasks_Clean[[#This Row],[Planned_Cost]] -> -894 | V35: =IFERROR(tbl_Tasks_Clean[[#This Row],[Cost_Variance]]/tbl_Tasks_Clean[[#This Row],[Planned_Cost]],0) -> -0.3576 | W35: =IF(AND(tbl_Tasks_Clean[[#This Row],[Status]]="Completed",tbl_Tasks_Clean[[#This Row],[Delay_Days]]<=0),"On Time",IF(AND(tbl_Tasks_Clean[[#This Row],[Status]]="Completed",tbl_Tasks_Clean[[#This Row],[Delay_Days]]>0),"Late","N/A")) -> N/A | X35: {=_xlfn.IFS(tbl_Tasks_Clean[[#This Row],[Planned_Duration_Days]]<=7,"Short (<=7 days)",tbl_Tasks_Clean[[#This Row],[Planned_Duration_Days]]<=20,"Medium (8-20 days)",TRUE,"Long (>20 days)")} -> Short (<=7 days) | Y35: =INDEX(Projects!$D:$D,MATCH(tbl_Tasks_Clean[[#This Row],[Project_ID]],Projects!$A:$A,0)) -> Nourhan Tarek | Z35: =IF(tbl_Tasks_Clean[[#This Row],[Delay_Days]]>0,"Delayed by "&TEXT(tbl_Tasks_Clean[[#This Row],[Delay_Days]],"0")&" days",IF(tbl_Tasks_Clean[[#This Row],[Delay_Days]]<0,"Early by "&TEXT(-tbl_Tasks_Clean[[#This Row],[Delay_Days]],"0")&" days","On schedule")) -> On schedule
A36: TSK-0017 | B36: PRJ-001 | C36: Website Redesign | D36: Procure customer feedback survey | E36: HR | F36: Khaled Younes | G36: Medium | H36: Delayed | I36: 1500 | J36: 1676 | K36: 45603 | L36: 45614 | M36: 45612 | N36: 11 | O36: -2 | P36: Nile Corp | Q36: Mona Farid | R36: 75000 | S36: Finance | T36: 280 | U36: =tbl_Tasks_Clean[[#This Row],[Actual_Cost]]-tbl_Tasks_Clean[[#This Row],[Planned_Cost]] -> 176 | V36: =IFERROR(tbl_Tasks_Clean[[#This Row],[Cost_Variance]]/tbl_Tasks_Clean[[#This Row],[Planned_Cost]],0) -> 0.11733333 | W36: =IF(AND(tbl_Tasks_Clean[[#This Row],[Status]]="Completed",tbl_Tasks_Clean[[#This Row],[Delay_Days]]<=0),"On Time",IF(AND(tbl_Tasks_Clean[[#This Row],[Status]]="Completed",tbl_Tasks_Clean[[#This Row],[Delay_Days]]>0),"Late","N/A")) -> N/A | X36: {=_xlfn.IFS(tbl_Tasks_Clean[[#This Row],[Planned_Duration_Days]]<=7,"Short (<=7 days)",tbl_Tasks_Clean[[#This Row],[Planned_Duration_Days]]<=20,"Medium (8-20 days)",TRUE,"Long (>20 days)")} -> Medium (8-20 days) | Y36: =INDEX(Projects!$D:$D,MATCH(tbl_Tasks_Clean[[#This Row],[Project_ID]],Projects!$A:$A,0)) -> Mona Farid | Z36: =IF(tbl_Tasks_Clean[[#This Row],[Delay_Days]]>0,"Delayed by "&TEXT(tbl_Tasks_Clean[[#This Row],[Delay_Days]],"0")&" days",IF(tbl_Tasks_Clean[[#This Row],[Delay_Days]]<0,"Early by "&TEXT(-tbl_Tasks_Clean[[#This Row],[Delay_Days]],"0")&" days","On schedule")) -> Early by 2 days
A37: TSK-0206 | B37: PRJ-010 | C37: Product Line Expansion | D37: Configure network infrastructure | E37: IT | F37: Khaled Naguib | G37: High | H37: Pending | I37: 1000 | J37: 0 | K37: 45513 | L37: 45531 | N37: 18 | O37: 0 | P37: Internal | Q37: Sara Hassan | R37: 150000 | S37: Finance | T37: 250 | U37: =tbl_Tasks_Clean[[#This Row],[Actual_Cost]]-tbl_Tasks_Clean[[#This Row],[Planned_Cost]] -> -1000 | V37: =IFERROR(tbl_Tasks_Clean[[#This Row],[Cost_Variance]]/tbl_Tasks_Clean[[#This Row],[Planned_Cost]],0) -> -1 | W37: =IF(AND(tbl_Tasks_Clean[[#This Row],[Status]]="Completed",tbl_Tasks_Clean[[#This Row],[Delay_Days]]<=0),"On Time",IF(AND(tbl_Tasks_Clean[[#This Row],[Status]]="Completed",tbl_Tasks_Clean[[#This Row],[Delay_Days]]>0),"Late","N/A")) -> N/A | X37: {=_xlfn.IFS(tbl_Tasks_Clean[[#This Row],[Planned_Duration_Days]]<=7,"Short (<=7 days)",tbl_Tasks_Clean[[#This Row],[Planned_Duration_Days]]<=20,"Medium (8-20 days)",TRUE,"Long (>20 days)")} -> Medium (8-20 days) | Y37: =INDEX(Projects!$D:$D,MATCH(tbl_Tasks_Clean[[#This Row],[Project_ID]],Projects!$A:$A,0)) -> Sara Hassan | Z37: =IF(tbl_Tasks_Clean[[#This Row],[Delay_Days]]>0,"Delayed by "&TEXT(tbl_Tasks_Clean[[#This Row],[Delay_Days]],"0")&" days",IF(tbl_Tasks_Clean[[#This Row],[Delay_Days]]<0,"Early by "&TEXT(-tbl_Tasks_Clean[[#This Row],[Delay_Days]],"0")&" days","On schedule")) -> On schedule
A38: TSK-0117 | B38: PRJ-006 | C38: CRM Migration | D38: Migrate server configuration | E38: Marketing | F38: Tarek Shawky | G38: High | H38: Pending | I38: 5000 | J38: 0 | K38: 45428 | L38: 45436 | N38: 8 | O38: 0 | P38: BlueWave Telecom | Q38: Mona Farid | R38: 120000 | S38: Procurement | T38: 150 | U38: =tbl_Tasks_Clean[[#This Row],[Actual_Cost]]-tbl_Tasks_Clean[[#This Row],[Planned_Cost]] -> -5000 | V38: =IFERROR(tbl_Tasks_Clean[[#This Row],[Cost_Variance]]/tbl_Tasks_Clean[[#This Row],[Planned_Cost]],0) -> -1 | W38: =IF(AND(tbl_Tasks_Clean[[#This Row],[Status]]="Completed",tbl_Tasks_Clean[[#This Row],[Delay_Days]]<=0),"On Time",IF(AND(tbl_Tasks_Clean[[#This Row],[Status]]="Completed",tbl_Tasks_Clean[[#This Row],[Delay_Days]]>0),"Late","N/A")) -> N/A | X38: {=_xlfn.IFS(tbl_Tasks_Clean[[#This Row],[Planned_Duration_Days]]<=7,"Short (<=7 days)",tbl_Tasks_Clean[[#This Row],[Planned_Duration_Days]]<=20,"Medium (8-20 days)",TRUE,"Long (>20 days)")} -> Medium (8-20 days) | Y38: =INDEX(Projects!$D:$D,MATCH(tbl_Tasks_Clean[[#This Row],[Project_ID]],Projects!$A:$A,0)) -> Mona Farid | Z38: =IF(tbl_Tasks_Clean[[#This Row],[Delay_Days]]>0,"Delayed by "&TEXT(tbl_Tasks_Clean[[#This Row],[Delay_Days]],"0")&" days",IF(tbl_Tasks_Clean[[#This Row],[Delay_Days]]<0,"Early by "&TEXT(-tbl_Tasks_Clean[[#This Row],[Delay_Days]],"0")&" days","On schedule")) -> On schedule
A39: TSK-0108 | B39: PRJ-006 | C39: CRM Migration | D39: Deploy hardware setup | E39: Operations | F39: Farida Hosny | G39: Medium | H39: Delayed | I39: 3000 | J39: 2512 | K39: 45419 | L39: 45449 | M39: 45448 | N39: 30 | O39: -1 | P39: BlueWave Telecom | Q39: Mona Farid | R39: 120000 | S39: HR | T39: 150 | U39: =tbl_Tasks_Clean[[#This Row],[Actual_Cost]]-tbl_Tasks_Clean[[#This Row],[Planned_Cost]] -> -488 | V39: =IFERROR(tbl_Tasks_Clean[[#This Row],[Cost_Variance]]/tbl_Tasks_Clean[[#This Row],[Planned_Cost]],0) -> -0.16266667 | W39: =IF(AND(tbl_Tasks_Clean[[#This Row],[Status]]="Completed",tbl_Tasks_Clean[[#This Row],[Delay_Days]]<=0),"On Time",IF(AND(tbl_Tasks_Clean[[#This Row],[Status]]="Completed",tbl_Tasks_Clean[[#This Row],[Delay_Days]]>0),"Late","N/A")) -> N/A | X39: {=_xlfn.IFS(tbl_Tasks_Clean[[#This Row],[Planned_Duration_Days]]<=7,"Short (<=7 days)",tbl_Tasks_Clean[[#This Row],[Planned_Duration_Days]]<=20,"Medium (8-20 days)",TRUE,"Long (>20 days)")} -> Long (>20 days) | Y39: =INDEX(Projects!$D:$D,MATCH(tbl_Tasks_Clean[[#This Row],[Project_ID]],Projects!$A:$A,0)) -> Mona Farid | Z39: =IF(tbl_Tasks_Clean[[#This Row],[Delay_Days]]>0,"Delayed by "&TEXT(tbl_Tasks_Clean[[#This Row],[Delay_Days]],"0")&" days",IF(tbl_Tasks_Clean[[#This Row],[Delay_Days]]<0,"Early by "&TEXT(-tbl_Tasks_Clean[[#This Row],[Delay_Days]],"0")&" days","On schedule")) -> Early by 1 days
A40: TSK-0196 | B40: PRJ-010 | C40: Product Line Expansion | D40: Review network infrastructure | E40: Operations | F40: Reem Gaber | G40: Medium | H40: In Progress | I40: 3000 | J40: 1021 | O40: 0 | P40: Internal | Q40: Sara Hassan | R40: 150000 | S40: Operations | T40: 180 | U40: =tbl_Tasks_Clean[[#This Row],[Actual_Cost]]-tbl_Tasks_Clean[[#This Row],[Planned_Cost]] -> -1979 | V40: =IFERROR(tbl_Tasks_Clean[[#This Row],[Cost_Variance]]/tbl_Tasks_Clean[[#This Row],[Planned_Cost]],0) -> -0.65966667 | W40: =IF(AND(tbl_Tasks_Clean[[#This Row],[Status]]="Completed",tbl_Tasks_Clean[[#This Row],[Delay_Days]]<=0),"On Time",IF(AND(tbl_Tasks_Clean[[#This Row],[Status]]="Completed",tbl_Tasks_Clean[[#This Row],[Delay_Days]]>0),"Late","N/A")) -> N/A | X40: {=_xlfn.IFS(tbl_Tasks_Clean[[#This Row],[Planned_Duration_Days]]<=7,"Short (<=7 days)",tbl_Tasks_Clean[[#This Row],[Planned_Duration_Days]]<=20,"Medium (8-20 days)",TRUE,"Long (>20 days)")} -> Short (<=7 days) | Y40: =INDEX(Projects!$D:$D,MATCH(tbl_Tasks_Clean[[#This Row],[Project_ID]],Projects!$A:$A,0)) -> Sara Hassan | Z40: =IF(tbl_Tasks_Clean[[#This Row],[Delay_Days]]>0,"Delayed by "&TEXT(tbl_Tasks_Clean[[#This Row],[Delay_Days]],"0")&" days",IF(tbl_Tasks_Clean[[#This Row],[Delay_Days]]<0,"Early by "&TEXT(-tbl_Tasks_Clean[[#This Row],[Delay_Days]],"0")&" days","On schedule")) -> On schedule
A41: TSK-0305 | B41: PRJ-015 | C41: Data Center Upgrade | D41: Plan training material | E41: Finance | F41: Noor Naguib | G41: Low | H41: Completed | I41: 10000 | J41: 10647 | K41: 45457 | L41: 45474 | M41: 45473 | N41: 17 | O41: -1 | P41: Internal | Q41: Nourhan Tarek | R41: 75000 | S41: Marketing | T41: 280 | U41: =tbl_Tasks_Clean[[#This Row],[Actual_Cost]]-tbl_Tasks_Clean[[#This Row],[Planned_Cost]] -> 647 | V41: =IFERROR(tbl_Tasks_Clean[[#This Row],[Cost_Variance]]/tbl_Tasks_Clean[[#This Row],[Planned_Cost]],0) -> 0.0647 | W41: =IF(AND(tbl_Tasks_Clean[[#This Row],[Status]]="Completed",tbl_Tasks_Clean[[#This Row],[Delay_Days]]<=0),"On Time",IF(AND(tbl_Tasks_Clean[[#This Row],[Status]]="Completed",tbl_Tasks_Clean[[#This Row],[Delay_Days]]>0),"Late","N/A")) -> On Time | X41: {=_xlfn.IFS(tbl_Tasks_Clean[[#This Row],[Planned_Duration_Days]]<=7,"Short (<=7 days)",tbl_Tasks_Clean[[#This Row],[Planned_Duration_Days]]<=20,"Medium (8-20 days)",TRUE,"Long (>20 days)")} -> Medium (8-20 days) | Y41: =INDEX(Projects!$D:$D,MATCH(tbl_Tasks_Clean[[#This Row],[Project_ID]],Projects!$A:$A,0)) -> Nourhan Tarek | Z41: =IF(tbl_Tasks_Clean[[#This Row],[Delay_Days]]>0,"Delayed by "&TEXT(tbl_Tasks_Clean[[#This Row],[Delay_Days]],"0")&" days",IF(tbl_Tasks_Clean[[#This Row],[Delay_Days]]<0,"Early by "&TEXT(-tbl_Tasks_Clean[[#This Row],[Delay_Days]],"0")&" days","On schedule")) -> Early by 1 days
A42: TSK-0177 | B42: PRJ-009 | C42: Supply Chain Optimization | D42: Migrate employee handbook | E42: Procurement | F42: Khaled Naguib | G42: Low | H42: In Progress | I42: 2500 | J42: 1242 | K42: 45348 | L42: 45364 | N42: 16 | O42: 0 | P42: Suez Trading Co. | Q42: Laila Samir | R42: 100000 | S42: Finance | T42: 250 | U42: =tbl_Tasks_Clean[[#This Row],[Actual_Cost]]-tbl_Tasks_Clean[[#This Row],[Planned_Cost]] -> -1258 | V42: =IFERROR(tbl_Tasks_Clean[[#This Row],[Cost_Variance]]/tbl_Tasks_Clean[[#This Row],[Planned_Cost]],0) -> -0.5032 | W42: =IF(AND(tbl_Tasks_Clean[[#This Row],[Status]]="Completed",tbl_Tasks_Clean[[#This Row],[Delay_Days]]<=0),"On Time",IF(AND(tbl_Tasks_Clean[[#This Row],[Status]]="Completed",tbl_Tasks_Clean[[#This Row],[Delay_Days]]>0),"Late","N/A")) -> N/A | X42: {=_xlfn.IFS(tbl_Tasks_Clean[[#This Row],[Planned_Duration_Days]]<=7,"Short (<=7 days)",tbl_Tasks_Clean[[#This Row],[Planned_Duration_Days]]<=20,"Medium (8-20 days)",TRUE,"Long (>20 days)")} -> Medium (8-20 days) | Y42: =INDEX(Projects!$D:$D,MATCH(tbl_Tasks_Clean[[#This Row],[Project_ID]],Projects!$A:$A,0)) -> Laila Samir | Z42: =IF(tbl_Tasks_Clean[[#This Row],[Delay_Days]]>0,"Delayed by "&TEXT(tbl_Tasks_Clean[[#This Row],[Delay_Days]],"0")&" days",IF(tbl_Tasks_Clean[[#This Row],[Delay_Days]]<0,"Early by "&TEXT(-tbl_Tasks_Clean[[#This Row],[Delay_Days]],"0")&" days","On schedule")) -> On schedule
A43: TSK-0137 | B43: PRJ-007 | C43: Network Security Overhaul | D43: Develop inventory system | E43: IT | F43: Noor Naguib | G43: Low | H43: Completed | I43: 1500 | J43: 1674 | K43: 45496 | L43: 45505 | M43: 45502 | N43: 9 | O43: -3 | P43: Internal | Q43: Laila Samir | R43: 120000 | S43: Marketing | T43: 280 | U43: =tbl_Tasks_Clean[[#This Row],[Actual_Cost]]-tbl_Tasks_Clean[[#This Row],[Planned_Cost]] -> 174 | V43: =IFERROR(tbl_Tasks_Clean[[#This Row],[Cost_Variance]]/tbl_Tasks_Clean[[#This Row],[Planned_Cost]],0) -> 0.116 | W43: =IF(AND(tbl_Tasks_Clean[[#This Row],[Status]]="Completed",tbl_Tasks_Clean[[#This Row],[Delay_Days]]<=0),"On Time",IF(AND(tbl_Tasks_Clean[[#This Row],[Status]]="Completed",tbl_Tasks_Clean[[#This Row],[Delay_Days]]>0),"Late","N/A")) -> On Time | X43: {=_xlfn.IFS(tbl_Tasks_Clean[[#This Row],[Planned_Duration_Days]]<=7,"Short (<=7 days)",tbl_Tasks_Clean[[#This Row],[Planned_Duration_Days]]<=20,"Medium (8-20 days)",TRUE,"Long (>20 days)")} -> Medium (8-20 days) | Y43: =INDEX(Projects!$D:$D,MATCH(tbl_Tasks_Clean[[#This Row],[Project_ID]],Projects!$A:$A,0)) -> Laila Samir | Z43: =IF(tbl_Tasks_Clean[[#This Row],[Delay_Days]]>0,"Delayed by "&TEXT(tbl_Tasks_Clean[[#This Row],[Delay_Days]],"0")&" days",IF(tbl_Tasks_Clean[[#This Row],[Delay_Days]]<0,"Early by "&TEXT(-tbl_Tasks_Clean[[#This Row],[Delay_Days]],"0")&" days","On schedule")) -> Early by 3 days
A44: TSK-0210 | B44: PRJ-011 | C44: HR System Implementation | D44: Analyze marketing collateral | E44: Finance | F44: Sherif Hosny | G44: High | H44: In Progress | I44: 1000 | J44: 359 | K44: 45432 | L44: 45449 | N44: 17 | O44: 0 | P44: Giza Health Systems | Q44: Ahmed Nabil | R44: 200000 | S44: Operations | T44: 200 | U44: =tbl_Tasks_Clean[[#This Row],[Actual_Cost]]-tbl_Tasks_Clean[[#This Row],[Planned_Cost]] -> -641 | V44: =IFERROR(tbl_Tasks_Clean[[#This Row],[Cost_Variance]]/tbl_Tasks_Clean[[#This Row],[Planned_Cost]],0) -> -0.641 | W44: =IF(AND(tbl_Tasks_Clean[[#This Row],[Status]]="Completed",tbl_Tasks_Clean[[#This Row],[Delay_Days]]<=0),"On Time",IF(AND(tbl_Tasks_Clean[[#This Row],[Status]]="Completed",tbl_Tasks_Clean[[#This Row],[Delay_Days]]>0),"Late","N/A")) -> N/A | X44: {=_xlfn.IFS(tbl_Tasks_Clean[[#This Row],[Planned_Duration_Days]]<=7,"Short (<=7 days)",tbl_Tasks_Clean[[#This Row],[Planned_Duration_Days]]<=20,"Medium (8-20 days)",TRUE,"Long (>20 days)")} -> Medium (8-20 days) | Y44: =INDEX(Projects!$D:$D,MATCH(tbl_Tasks_Clean[[#This Row],[Project_ID]],Projects!$A:$A,0)) -> Ahmed Nabil | Z44: =IF(tbl_Tasks_Clean[[#This Row],[Delay_Days]]>0,"Delayed by "&TEXT(tbl_Tasks_Clean[[#This Row],[Delay_Days]],"0")&" days",IF(tbl_Tasks_Clean[[#This Row],[Delay_Days]]<0,"Early by "&TEXT(-tbl_Tasks_Clean[[#This Row],[Delay_Days]],"0")&" days","On schedule")) -> On schedule
A45: TSK-0181 | B45: PRJ-009 | C45: Supply Chain Optimization | D45: Deploy budget report | E45: Operations | F45: Ziad Abdelrahman | G45: High | H45: Not Started | I45: 2000 | J45: 0 | O45: 0 | P45: Suez Trading Co. | Q45: Laila Samir | R45: 100000 | S45: Finance | T45: 220 | U45: =tbl_Tasks_Clean[[#This Row],[Actual_Cost]]-tbl_Tasks_Clean[[#This Row],[Planned_Cost]] -> -2000 | V45: =IFERROR(tbl_Tasks_Clean[[#This Row],[Cost_Variance]]/tbl_Tasks_Clean[[#This Row],[Planned_Cost]],0) -> -1 | W45: =IF(AND(tbl_Tasks_Clean[[#This Row],[Status]]="Completed",tbl_Tasks_Clean[[#This Row],[Delay_Days]]<=0),"On Time",IF(AND(tbl_Tasks_Clean[[#This Row],[Status]]="Completed",tbl_Tasks_Clean[[#This Row],[Delay_Days]]>0),"Late","N/A")) -> N/A | X45: {=_xlfn.IFS(tbl_Tasks_Clean[[#This Row],[Planned_Duration_Days]]<=7,"Short (<=7 days)",tbl_Tasks_Clean[[#This Row],[Planned_Duration_Days]]<=20,"Medium (8-20 days)",TRUE,"Long (>20 days)")} -> Short (<=7 days) | Y45: =INDEX(Projects!$D:$D,MATCH(tbl_Tasks_Clean[[#This Row],[Project_ID]],Projects!$A:$A,0)) -> Laila Samir | Z45: =IF(tbl_Tasks_Clean[[#This Row],[Delay_Days]]>0,"Delayed by "&TEXT(tbl_Tasks_Clean[[#This Row],[Delay_Days]],"0")&" days",IF(tbl_Tasks_Clean[[#This Row],[Delay_Days]]<0,"Early by "&TEXT(-tbl_Tasks_Clean[[#This Row],[Delay_Days]],"0")&" days","On schedule")) -> On schedule
A46: TSK-0176 | B46: PRJ-009 | C46: Supply Chain Optimization | D46: Design budget report | E46: Marketing | F46: Khaled Naguib | G46: Medium | H46: Completed | I46: 6000 | J46: 8191 | K46: 45364 | L46: 45389 | M46: 45388 | N46: 25 | O46: -1 | P46: Suez Trading Co. | Q46: Laila Samir | R46: 100000 | S46: Finance | T46: 250 | U46: =tbl_Tasks_Clean[[#This Row],[Actual_Cost]]-tbl_Tasks_Clean[[#This Row],[Planned_Cost]] -> 2191 | V46: =IFERROR(tbl_Tasks_Clean[[#This Row],[Cost_Variance]]/tbl_Tasks_Clean[[#This Row],[Planned_Cost]],0) -> 0.36516667 | W46: =IF(AND(tbl_Tasks_Clean[[#This Row],[Status]]="Completed",tbl_Tasks_Clean[[#This Row],[Delay_Days]]<=0),"On Time",IF(AND(tbl_Tasks_Clean[[#This Row],[Status]]="Completed",tbl_Tasks_Clean[[#This Row],[Delay_Days]]>0),"Late","N/A")) -> On Time | X46: {=_xlfn.IFS(tbl_Tasks_Clean[[#This Row],[Planned_Duration_Days]]<=7,"Short (<=7 days)",tbl_Tasks_Clean[[#This Row],[Planned_Duration_Days]]<=20,"Medium (8-20 days)",TRUE,"Long (>20 days)")} -> Long (>20 days) | Y46: =INDEX(Projects!$D:$D,MATCH(tbl_Tasks_Clean[[#This Row],[Project_ID]],Projects!$A:$A,0)) -> Laila Samir | Z46: =IF(tbl_Tasks_Clean[[#This Row],[Delay_Days]]>0,"Delayed by "&TEXT(tbl_Tasks_Clean[[#This Row],[Delay_Days]],"0")&" days",IF(tbl_Tasks_Clean[[#This Row],[Delay_Days]]<0,"Early by "&TEXT(-tbl_Tasks_Clean[[#This Row],[Delay_Days]],"0")&" days","On schedule")) -> Early by 1 days
A47: TSK-0189 | B47: PRJ-010 | C47: Product Line Expansion | D47: Plan quality checklist | E47: HR | F47: Dina Fouad | G47: Low | H47: Ongoing | I47: 8000 | J47: 3329 | K47: 45506 | L47: 45523 | N47: 17 | O47: 0 | P47: Internal | Q47: Sara Hassan | R47: 150000 | S47: Marketing | T47: 300 | U47: =tbl_Tasks_Clean[[#This Row],[Actual_Cost]]-tbl_Tasks_Clean[[#This Row],[Planned_Cost]] -> -4671 | V47: =IFERROR(tbl_Tasks_Clean[[#This Row],[Cost_Variance]]/tbl_Tasks_Clean[[#This Row],[Planned_Cost]],0) -> -0.583875 | W47: =IF(AND(tbl_Tasks_Clean[[#This Row],[Status]]="Completed",tbl_Tasks_Clean[[#This Row],[Delay_Days]]<=0),"On Time",IF(AND(tbl_Tasks_Clean[[#This Row],[Status]]="Completed",tbl_Tasks_Clean[[#This Row],[Delay_Days]]>0),"Late","N/A")) -> N/A | X47: {=_xlfn.IFS(tbl_Tasks_Clean[[#This Row],[Planned_Duration_Days]]<=7,"Short (<=7 days)",tbl_Tasks_Clean[[#This Row],[Planned_Duration_Days]]<=20,"Medium (8-20 days)",TRUE,"Long (>20 days)")} -> Medium (8-20 days) | Y47: =INDEX(Projects!$D:$D,MATCH(tbl_Tasks_Clean[[#This Row],[Project_ID]],Projects!$A:$A,0)) -> Sara Hassan | Z47: =IF(tbl_Tasks_Clean[[#This Row],[Delay_Days]]>0,"Delayed by "&TEXT(tbl_Tasks_Clean[[#This Row],[Delay_Days]],"0")&" days",IF(tbl_Tasks_Clean[[#This Row],[Delay_Days]]<0,"Early by "&TEXT(-tbl_Tasks_Clean[[#This Row],[Delay_Days]],"0")&" days","On schedule")) -> On schedule
A48: TSK-0138 | B48: PRJ-007 | C48: Network Security Overhaul | D48: Document hardware setup | E48: Operations | F48: Tarek Shawky | G48: High | H48: In Progress | I48: 10000 | J48: 3913 | K48: 45494 | L48: 45523 | N48: 29 | O48: 0 | P48: Internal | Q48: Laila Samir | R48: 120000 | S48: Procurement | T48: 150 | U48: =tbl_Tasks_Clean[[#This Row],[Actual_Cost]]-tbl_Tasks_Clean[[#This Row],[Planned_Cost]] -> -6087 | V48: =IFERROR(tbl_Tasks_Clean[[#This Row],[Cost_Variance]]/tbl_Tasks_Clean[[#This Row],[Planned_Cost]],0) -> -0.6087 | W48: =IF(AND(tbl_Tasks_Clean[[#This Row],[Status]]="Completed",tbl_Tasks_Clean[[#This Row],[Delay_Days]]<=0),"On Time",IF(AND(tbl_Tasks_Clean[[#This Row],[Status]]="Completed",tbl_Tasks_Clean[[#This Row],[Delay_Days]]>0),"Late","N/A")) -> N/A | X48: {=_xlfn.IFS(tbl_Tasks_Clean[[#This Row],[Planned_Duration_Days]]<=7,"Short (<=7 days)",tbl_Tasks_Clean[[#This Row],[Planned_Duration_Days]]<=20,"Medium (8-20 days)",TRUE,"Long (>20 days)")} -> Long (>20 days) | Y48: =INDEX(Projects!$D:$D,MATCH(tbl_Tasks_Clean[[#This Row],[Project_ID]],Projects!$A:$A,0)) -> Laila Samir | Z48: =IF(tbl_Tasks_Clean[[#This Row],[Delay_Days]]>0,"Delayed by "&TEXT(tbl_Tasks_Clean[[#This Row],[Delay_Days]],"0")&" days",IF(tbl_Tasks_Clean[[#This Row],[Delay_Days]]<0,"Early by "&TEXT(-tbl_Tasks_Clean[[#This Row],[Delay_Days]],"0")&" days","On schedule")) -> On schedule
A49: TSK-0061 | B49: PRJ-003 | C49: Mobile App Launch | D49: Approve quality checklist | E49: Quality | F49: Khaled Younes | G49: Medium | H49: Behind Schedule | I49: 8000 | J49: 6292 | K49: 45450 | L49: 45453 | M49: 45458 | N49: 3 | O49: 5 | P49: Alexandria Logistics | Q49: Ahmed Nabil | R49: 100000 | S49: Finance | T49: 280 | U49: =tbl_Tasks_Clean[[#This Row],[Actual_Cost]]-tbl_Tasks_Clean[[#This Row],[Planned_Cost]] -> -1708 | V49: =IFERROR(tbl_Tasks_Clean[[#This Row],[Cost_Variance]]/tbl_Tasks_Clean[[#This Row],[Planned_Cost]],0) -> -0.2135 | W49: =IF(AND(tbl_Tasks_Clean[[#This Row],[Status]]="Completed",tbl_Tasks_Clean[[#This Row],[Delay_Days]]<=0),"On Time",IF(AND(tbl_Tasks_Clean[[#This Row],[Status]]="Completed",tbl_Tasks_Clean[[#This Row],[Delay_Days]]>0),"Late","N/A")) -> N/A | X49: {=_xlfn.IFS(tbl_Tasks_Clean[[#This Row],[Planned_Duration_Days]]<=7,"Short (<=7 days)",tbl_Tasks_Clean[[#This Row],[Planned_Duration_Days]]<=20,"Medium (8-20 days)",TRUE,"Long (>20 days)")} -> Short (<=7 days) | Y49: =INDEX(Projects!$D:$D,MATCH(tbl_Tasks_Clean[[#This Row],[Project_ID]],Projects!$A:$A,0)) -> Ahmed Nabil | Z49: =IF(tbl_Tasks_Clean[[#This Row],[Delay_Days]]>0,"Delayed by "&TEXT(tbl_Tasks_Clean[[#This Row],[Delay_Days]],"0")&" days",IF(tbl_Tasks_Clean[[#This Row],[Delay_Days]]<0,"Early by "&TEXT(-tbl_Tasks_Clean[[#This Row],[Delay_Days]],"0")&" days","On schedule")) -> Delayed by 5 days
A50: TSK-0067 | B50: PRJ-004 | C50: Warehouse Automation | D50: Optimize dashboard | E50: HR | F50: Mostafa El-Sayed | G50: High | H50: Not Started | I50: 1500 | J50: 0 | K50: 45572 | L50: 45591 | N50: 19 | O50: 0 | P50: Cairo Financial Services | Q50: Laila Samir | R50: 75000 | S50: Procurement | T50: 200 | U50: =tbl_Tasks_Clean[[#This Row],[Actual_Cost]]-tbl_Tasks_Clean[[#This Row],[Planned_Cost]] -> -1500 | V50: =IFERROR(tbl_Tasks_Clean[[#This Row],[Cost_Variance]]/tbl_Tasks_Clean[[#This Row],[Planned_Cost]],0) -> -1 | W50: =IF(AND(tbl_Tasks_Clean[[#This Row],[Status]]="Completed",tbl_Tasks_Clean[[#This Row],[Delay_Days]]<=0),"On Time",IF(AND(tbl_Tasks_Clean[[#This Row],[Status]]="Completed",tbl_Tasks_Clean[[#This Row],[Delay_Days]]>0),"Late","N/A")) -> N/A | X50: {=_xlfn.IFS(tbl_Tasks_Clean[[#This Row],[Planned_Duration_Days]]<=7,"Short (<=7 days)",tbl_Tasks_Clean[[#This Row],[Planned_Duration_Days]]<=20,"Medium (8-20 days)",TRUE,"Long (>20 days)")} -> Medium (8-20 days) | Y50: =INDEX(Projects!$D:$D,MATCH(tbl_Tasks_Clean[[#This Row],[Project_ID]],Projects!$A:$A,0)) -> Laila Samir | Z50: =IF(tbl_Tasks_Clean[[#This Row],[Delay_Days]]>0,"Delayed by "&TEXT(tbl_Tasks_Clean[[#This Row],[Delay_Days]],"0")&" days",IF(tbl_Tasks_Clean[[#This Row],[Delay_Days]]<0,"Early by "&TEXT(-tbl_Tasks_Clean[[#This Row],[Delay_Days]],"0")&" days","On schedule")) -> On schedule
A51: TSK-0088 | B51: PRJ-005 | C51: Customer Portal Upgrade | D51: Plan customer feedback survey | E51: Finance | F51: Dina Zaki | G51: Low | H51: Done | I51: 2000 | J51: 2236 | O51: 0 | P51: Horizon Manufacturing | Q51: Ahmed Nabil | R51: 50000 | S51: IT | T51: 220 | U51: =tbl_Tasks_Clean[[#This Row],[Actual_Cost]]-tbl_Tasks_Clean[[#This Row],[Planned_Cost]] -> 236 | V51: =IFERROR(tbl_Tasks_Clean[[#This Row],[Cost_Variance]]/tbl_Tasks_Clean[[#This Row],[Planned_Cost]],0) -> 0.118 | W51: =IF(AND(tbl_Tasks_Clean[[#This Row],[Status]]="Completed",tbl_Tasks_Clean[[#This Row],[Delay_Days]]<=0),"On Time",IF(AND(tbl_Tasks_Clean[[#This Row],[Status]]="Completed",tbl_Tasks_Clean[[#This Row],[Delay_Days]]>0),"Late","N/A")) -> N/A | X51: {=_xlfn.IFS(tbl_Tasks_Clean[[#This Row],[Planned_Duration_Days]]<=7,"Short (<=7 days)",tbl_Tasks_Clean[[#This Row],[Planned_Duration_Days]]<=20,"Medium (8-20 days)",TRUE,"Long (>20 days)")} -> Short (<=7 days) | Y51: =INDEX(Projects!$D:$D,MATCH(tbl_Tasks_Clean[[#This Row],[Project_ID]],Projects!$A:$A,0)) -> Ahmed Nabil | Z51: =IF(tbl_Tasks_Clean[[#This Row],[Delay_Days]]>0,"Delayed by "&TEXT(tbl_Tasks_Clean[[#This Row],[Delay_Days]],"0")&" days",IF(tbl_Tasks_Clean[[#This Row],[Delay_Days]]<0,"Early by "&TEXT(-tbl_Tasks_Clean[[#This Row],[Delay_Days]],"0")&" days","On schedule")) -> On schedule
A52: TSK-0037 | B52: PRJ-002 | C52: ERP System Rollout | D52: Audit inventory system | E52: Procurement | F52: Salma Fouad | G52: Medium | H52: In Progress | I52: 3000 | J52: 2365 | O52: 0 | P52: Delta Retail Group | Q52: Youssef Adel | R52: 150000 | S52: Quality Assurance | T52: 200 | U52: =tbl_Tasks_Clean[[#This Row],[Actual_Cost]]-tbl_Tasks_Clean[[#This Row],[Planned_Cost]] -> -635 | V52: =IFERROR(tbl_Tasks_Clean[[#This Row],[Cost_Variance]]/tbl_Tasks_Clean[[#This Row],[Planned_Cost]],0) -> -0.21166667 | W52: =IF(AND(tbl_Tasks_Clean[[#This Row],[Status]]="Completed",tbl_Tasks_Clean[[#This Row],[Delay_Days]]<=0),"On Time",IF(AND(tbl_Tasks_Clean[[#This Row],[Status]]="Completed",tbl_Tasks_Clean[[#This Row],[Delay_Days]]>0),"Late","N/A")) -> N/A | X52: {=_xlfn.IFS(tbl_Tasks_Clean[[#This Row],[Planned_Duration_Days]]<=7,"Short (<=7 days)",tbl_Tasks_Clean[[#This Row],[Planned_Duration_Days]]<=20,"Medium (8-20 days)",TRUE,"Long (>20 days)")} -> Short (<=7 days) | Y52: =INDEX(Projects!$D:$D,MATCH(tbl_Tasks_Clean[[#This Row],[Project_ID]],Projects!$A:$A,0)) -> Youssef Adel | Z52: =IF(tbl_Tasks_Clean[[#This Row],[Delay_Days]]>0,"Delayed by "&TEXT(tbl_Tasks_Clean[[#This Row],[Delay_Days]],"0")&" days",IF(tbl_Tasks_Clean[[#This Row],[Delay_Days]]<0,"Early by "&TEXT(-tbl_Tasks_Clean[[#This Row],[Delay_Days]],"0")&" days","On schedule")) -> On schedule
A53: TSK-0266 | B53: PRJ-013 | C53: Brand Refresh Campaign | D53: Review employee handbook | E53: Operations | F53: Hana Zaki | G53: High | H53: Done | I53: 5000 | J53: 5016 | K53: 45487 | L53: 45502 | M53: 45502 | N53: 15 | O53: 0 | P53: Internal | Q53: Nourhan Tarek | R53: 200000 | S53: IT | T53: 150 | U53: =tbl_Tasks_Clean[[#This Row],[Actual_Cost]]-tbl_Tasks_Clean[[#This Row],[Planned_Cost]] -> 16 | V53: =IFERROR(tbl_Tasks_Clean[[#This Row],[Cost_Variance]]/tbl_Tasks_Clean[[#This Row],[Planned_Cost]],0) -> 0.0032 | W53: =IF(AND(tbl_Tasks_Clean[[#This Row],[Status]]="Completed",tbl_Tasks_Clean[[#This Row],[Delay_Days]]<=0),"On Time",IF(AND(tbl_Tasks_Clean[[#This Row],[Status]]="Completed",tbl_Tasks_Clean[[#This Row],[Delay_Days]]>0),"Late","N/A")) -> N/A | X53: {=_xlfn.IFS(tbl_Tasks_Clean[[#This Row],[Planned_Duration_Days]]<=7,"Short (<=7 days)",tbl_Tasks_Clean[[#This Row],[Planned_Duration_Days]]<=20,"Medium (8-20 days)",TRUE,"Long (>20 days)")} -> Medium (8-20 days) | Y53: =INDEX(Projects!$D:$D,MATCH(tbl_Tasks_Clean[[#This Row],[Project_ID]],Projects!$A:$A,0)) -> Nourhan Tarek | Z53: =IF(tbl_Tasks_Clean[[#This Row],[Delay_Days]]>0,"Delayed by "&TEXT(tbl_Tasks_Clean[[#This Row],[Delay_Days]],"0")&" days",IF(tbl_Tasks_Clean[[#This Row],[Delay_Days]]<0,"Early by "&TEXT(-tbl_Tasks_Clean[[#This Row],[Delay_Days]],"0")&" days","On schedule")) -> On schedule
A54: TSK-0070 | B54: PRJ-004 | C54: Warehouse Automation | D54: Procure vendor contract | E54: Quality | F54: Noor Naguib | G54: Low | H54: Behind Schedule | I54: 5000 | J54: 4686 | K54: 45575 | L54: 45592 | M54: 45596 | N54: 17 | O54: 4 | P54: Cairo Financial Services | Q54: Laila Samir | R54: 75000 | S54: Marketing | T54: 280 | U54: =tbl_Tasks_Clean[[#This Row],[Actual_Cost]]-tbl_Tasks_Clean[[#This Row],[Planned_Cost]] -> -314 | V54: =IFERROR(tbl_Tasks_Clean[[#This Row],[Cost_Variance]]/tbl_Tasks_Clean[[#This Row],[Planned_Cost]],0) -> -0.0628 | W54: =IF(AND(tbl_Tasks_Clean[[#This Row],[Status]]="Completed",tbl_Tasks_Clean[[#This Row],[Delay_Days]]<=0),"On Time",IF(AND(tbl_Tasks_Clean[[#This Row],[Status]]="Completed",tbl_Tasks_Clean[[#This Row],[Delay_Days]]>0),"Late","N/A")) -> N/A | X54: {=_xlfn.IFS(tbl_Tasks_Clean[[#This Row],[Planned_Duration_Days]]<=7,"Short (<=7 days)",tbl_Tasks_Clean[[#This Row],[Planned_Duration_Days]]<=20,"Medium (8-20 days)",TRUE,"Long (>20 days)")} -> Medium (8-20 days) | Y54: =INDEX(Projects!$D:$D,MATCH(tbl_Tasks_Clean[[#This Row],[Project_ID]],Projects!$A:$A,0)) -> Laila Samir | Z54: =IF(tbl_Tasks_Clean[[#This Row],[Delay_Days]]>0,"Delayed by "&TEXT(tbl_Tasks_Clean[[#This Row],[Delay_Days]],"0")&" days",IF(tbl_Tasks_Clean[[#This Row],[Delay_Days]]<0,"Early by "&TEXT(-tbl_Tasks_Clean[[#This Row],[Delay_Days]],"0")&" days","On schedule")) -> Delayed by 4 days
A55: TSK-0205 | B55: PRJ-010 | C55: Product Line Expansion | D55: Configure API integration | E55: Finance | F55: Fady Hosny | G55: Medium | H55: Ongoing | I55: 4000 | J55: 3074 | O55: 0 | P55: Internal | Q55: Sara Hassan | R55: 150000 | S55: HR | T55: 300 | U55: =tbl_Tasks_Clean[[#This Row],[Actual_Cost]]-tbl_Tasks_Clean[[#This Row],[Planned_Cost]] -> -926 | V55: =IFERROR(tbl_Tasks_Clean[[#This Row],[Cost_Variance]]/tbl_Tasks_Clean[[#This Row],[Planned_Cost]],0) -> -0.2315 | W55: =IF(AND(tbl_Tasks_Clean[[#This Row],[Status]]="Completed",tbl_Tasks_Clean[[#This Row],[Delay_Days]]<=0),"On Time",IF(AND(tbl_Tasks_Clean[[#This Row],[Status]]="Completed",tbl_Tasks_Clean[[#This Row],[Delay_Days]]>0),"Late","N/A")) -> N/A | X55: {=_xlfn.IFS(tbl_Tasks_Clean[[#This Row],[Planned_Duration_Days]]<=7,"Short (<=7 days)",tbl_Tasks_Clean[[#This Row],[Planned_Duration_Days]]<=20,"Medium (8-20 days)",TRUE,"Long (>20 days)")} -> Short (<=7 days) | Y55: =INDEX(Projects!$D:$D,MATCH(tbl_Tasks_Clean[[#This Row],[Project_ID]],Projects!$A:$A,0)) -> Sara Hassan | Z55: =IF(tbl_Tasks_Clean[[#This Row],[Delay_Days]]>0,"Delayed by "&TEXT(tbl_Tasks_Clean[[#This Row],[Delay_Days]],"0")&" days",IF(tbl_Tasks_Clean[[#This Row],[Delay_Days]]<0,"Early by "&TEXT(-tbl_Tasks_Clean[[#This Row],[Delay_Days]],"0")&" days","On schedule")) -> On schedule
A56: TSK-0263 | B56: PRJ-013 | C56: Brand Refresh Campaign | D56: Train users on employee handbook | E56: IT | F56: Tarek Abdelrahman | G56: High | H56: Completed | I56: 5000 | J56: 6706 | K56: 45393 | L56: 45417 | M56: 45416 | N56: 24 | O56: -1 | P56: Internal | Q56: Nourhan Tarek | R56: 200000 | S56: IT | T56: 180 | U56: =tbl_Tasks_Clean[[#This Row],[Actual_Cost]]-tbl_Tasks_Clean[[#This Row],[Planned_Cost]] -> 1706 | V56: =IFERROR(tbl_Tasks_Clean[[#This Row],[Cost_Variance]]/tbl_Tasks_Clean[[#This Row],[Planned_Cost]],0) -> 0.3412 | W56: =IF(AND(tbl_Tasks_Clean[[#This Row],[Status]]="Completed",tbl_Tasks_Clean[[#This Row],[Delay_Days]]<=0),"On Time",IF(AND(tbl_Tasks_Clean[[#This Row],[Status]]="Completed",tbl_Tasks_Clean[[#This Row],[Delay_Days]]>0),"Late","N/A")) -> On Time | X56: {=_xlfn.IFS(tbl_Tasks_Clean[[#This Row],[Planned_Duration_Days]]<=7,"Short (<=7 days)",tbl_Tasks_Clean[[#This Row],[Planned_Duration_Days]]<=20,"Medium (8-20 days)",TRUE,"Long (>20 days)")} -> Long (>20 days) | Y56: =INDEX(Projects!$D:$D,MATCH(tbl_Tasks_Clean[[#This Row],[Project_ID]],Projects!$A:$A,0)) -> Nourhan Tarek | Z56: =IF(tbl_Tasks_Clean[[#This Row],[Delay_Days]]>0,"Delayed by "&TEXT(tbl_Tasks_Clean[[#This Row],[Delay_Days]],"0")&" days",IF(tbl_Tasks_Clean[[#This Row],[Delay_Days]]<0,"Early by "&TEXT(-tbl_Tasks_Clean[[#This Row],[Delay_Days]],"0")&" days","On schedule")) -> Early by 1 days
A57: TSK-0248 | B57: PRJ-012 | C57: Cloud Migration | D57: Review onboarding process | E57: Operations | F57: Mostafa El-Sayed | G57: Medium | H57: Done | I57: 1500 | J57: 2080 | K57: 45442 | L57: 45459 | M57: 45458 | N57: 17 | O57: -1 | P57: Red Sea Tourism | Q57: Ahmed Nabil | R57: 250000 | S57: Procurement | T57: 200 | U57: =tbl_Tasks_Clean[[#This Row],[Actual_Cost]]-tbl_Tasks_Clean[[#This Row],[Planned_Cost]] -> 580 | V57: =IFERROR(tbl_Tasks_Clean[[#This Row],[Cost_Variance]]/tbl_Tasks_Clean[[#This Row],[Planned_Cost]],0) -> 0.38666667 | W57: =IF(AND(tbl_Tasks_Clean[[#This Row],[Status]]="Completed",tbl_Tasks_Clean[[#This Row],[Delay_Days]]<=0),"On Time",IF(AND(tbl_Tasks_Clean[[#This Row],[Status]]="Completed",tbl_Tasks_Clean[[#This Row],[Delay_Days]]>0),"Late","N/A")) -> N/A | X57: {=_xlfn.IFS(tbl_Tasks_Clean[[#This Row],[Planned_Duration_Days]]<=7,"Short (<=7 days)",tbl_Tasks_Clean[[#This Row],[Planned_Duration_Days]]<=20,"Medium (8-20 days)",TRUE,"Long (>20 days)")} -> Medium (8-20 days) | Y57: =INDEX(Projects!$D:$D,MATCH(tbl_Tasks_Clean[[#This Row],[Project_ID]],Projects!$A:$A,0)) -> Ahmed Nabil | Z57: =IF(tbl_Tasks_Clean[[#This Row],[Delay_Days]]>0,"Delayed by "&TEXT(tbl_Tasks_Clean[[#This Row],[Delay_Days]],"0")&" days",IF(tbl_Tasks_Clean[[#This Row],[Delay_Days]]<0,"Early by "&TEXT(-tbl_Tasks_Clean[[#This Row],[Delay_Days]],"0")&" days","On schedule")) -> Early by 1 days
A58: TSK-0044 | B58: PRJ-003 | C58: Mobile App Launch | D58: Design marketing collateral | E58: HR | F58: Sherif Hosny | G58: High | H58: Ongoing | I58: 3000 | J58: 647 | K58: 45431 | L58: 45453 | N58: 22 | O58: 0 | P58: Alexandria Logistics | Q58: Ahmed Nabil | R58: 100000 | S58: Operations | T58: 200 | U58: =tbl_Tasks_Clean[[#This Row],[Actual_Cost]]-tbl_Tasks_Clean[[#This Row],[Planned_Cost]] -> -2353 | V58: =IFERROR(tbl_Tasks_Clean[[#This Row],[Cost_Variance]]/tbl_Tasks_Clean[[#This Row],[Planned_Cost]],0) -> -0.78433333 | W58: =IF(AND(tbl_Tasks_Clean[[#This Row],[Status]]="Completed",tbl_Tasks_Clean[[#This Row],[Delay_Days]]<=0),"On Time",IF(AND(tbl_Tasks_Clean[[#This Row],[Status]]="Completed",tbl_Tasks_Clean[[#This Row],[Delay_Days]]>0),"Late","N/A")) -> N/A | X58: {=_xlfn.IFS(tbl_Tasks_Clean[[#This Row],[Planned_Duration_Days]]<=7,"Short (<=7 days)",tbl_Tasks_Clean[[#This Row],[Planned_Duration_Days]]<=20,"Medium (8-20 days)",TRUE,"Long (>20 days)")} -> Long (>20 days) | Y58: =INDEX(Projects!$D:$D,MATCH(tbl_Tasks_Clean[[#This Row],[Project_ID]],Projects!$A:$A,0)) -> Ahmed Nabil | Z58: =IF(tbl_Tasks_Clean[[#This Row],[Delay_Days]]>0,"Delayed by "&TEXT(tbl_Tasks_Clean[[#This Row],[Delay_Days]],"0")&" days",IF(tbl_Tasks_Clean[[#This Row],[Delay_Days]]<0,"Early by "&TEXT(-tbl_Tasks_Clean[[#This Row],[Delay_Days]],"0")&" days","On schedule")) -> On schedule
A59: TSK-0208 | B59: PRJ-011 | C59: HR System Implementation | D59: Document warehouse layout | E59: Operations | F59: Tarek Shawky | G59: Low | H59: Completed | I59: 8000 | J59: 9484 | K59: 45428 | L59: 45436 | M59: 45438 | N59: 8 | O59: 2 | P59: Giza Health Systems | Q59: Ahmed Nabil | R59: 200000 | S59: Procurement | T59: 150 | U59: =tbl_Tasks_Clean[[#This Row],[Actual_Cost]]-tbl_Tasks_Clean[[#This Row],[Planned_Cost]] -> 1484 | V59: =IFERROR(tbl_Tasks_Clean[[#This Row],[Cost_Variance]]/tbl_Tasks_Clean[[#This Row],[Planned_Cost]],0) -> 0.1855 | W59: =IF(AND(tbl_Tasks_Clean[[#This Row],[Status]]="Completed",tbl_Tasks_Clean[[#This Row],[Delay_Days]]<=0),"On Time",IF(AND(tbl_Tasks_Clean[[#This Row],[Status]]="Completed",tbl_Tasks_Clean[[#This Row],[Delay_Days]]>0),"Late","N/A")) -> Late | X59: {=_xlfn.IFS(tbl_Tasks_Clean[[#This Row],[Planned_Duration_Days]]<=7,"Short (<=7 days)",tbl_Tasks_Clean[[#This Row],[Planned_Duration_Days]]<=20,"Medium (8-20 days)",TRUE,"Long (>20 days)")} -> Medium (8-20 days) | Y59: =INDEX(Projects!$D:$D,MATCH(tbl_Tasks_Clean[[#This Row],[Project_ID]],Projects!$A:$A,0)) -> Ahmed Nabil | Z59: =IF(tbl_Tasks_Clean[[#This Row],[Delay_Days]]>0,"Delayed by "&TEXT(tbl_Tasks_Clean[[#This Row],[Delay_Days]],"0")&" days",IF(tbl_Tasks_Clean[[#This Row],[Delay_Days]]<0,"Early by "&TEXT(-tbl_Tasks_Clean[[#This Row],[Delay_Days]],"0")&" days","On schedule")) -> Delayed by 2 days
A60: TSK-0277 | B60: PRJ-014 | C60: Retail Store Opening | D60: Train users on onboarding process | E60: Procurement | F60: Salma Fouad | G60: Low | H60: Completed | I60: 4000 | J60: 4446 | K60: 45399 | L60: 45422 | M60: 45422 | N60: 23 | O60: 0 | P60: Orbit Media | Q60: Ahmed Nabil | R60: 300000 | S60: Quality Assurance | T60: 200 | U60: =tbl_Tasks_Clean[[#This Row],[Actual_Cost]]-tbl_Tasks_Clean[[#This Row],[Planned_Cost]] -> 446 | V60: =IFERROR(tbl_Tasks_Clean[[#This Row],[Cost_Variance]]/tbl_Tasks_Clean[[#This Row],[Planned_Cost]],0) -> 0.1115 | W60: =IF(AND(tbl_Tasks_Clean[[#This Row],[Status]]="Completed",tbl_Tasks_Clean[[#This Row],[Delay_Days]]<=0),"On Time",IF(AND(tbl_Tasks_Clean[[#This Row],[Status]]="Completed",tbl_Tasks_Clean[[#This Row],[Delay_Days]]>0),"Late","N/A")) -> On Time | X60: {=_xlfn.IFS(tbl_Tasks_Clean[[#This Row],[Planned_Duration_Days]]<=7,"Short (<=7 days)",tbl_Tasks_Clean[[#This Row],[Planned_Duration_Days]]<=20,"Medium (8-20 days)",TRUE,"Long (>20 days)")} -> Long (>20 days) | Y60: =INDEX(Projects!$D:$D,MATCH(tbl_Tasks_Clean[[#This Row],[Project_ID]],Projects!$A:$A,0)) -> Ahmed Nabil | Z60: =IF(tbl_Tasks_Clean[[#This Row],[Delay_Days]]>0,"Delayed by "&TEXT(tbl_Tasks_Clean[[#This Row],[Delay_Days]],"0")&" days",IF(tbl_Tasks_Clean[[#This Row],[Delay_Days]]<0,"Early by "&TEXT(-tbl_Tasks_Clean[[#This Row],[Delay_Days]],"0")&" days","On schedule")) -> On schedule
A61: TSK-0291 | B61: PRJ-014 | C61: Retail Store Opening | D61: Analyze quality checklist | E61: Finance | F61: Salma Fouad | G61: Low | H61: In Progress | I61: 8000 | J61: 2966 | K61: 45320 | L61: 45325 | N61: 5 | O61: 0 | P61: Orbit Media | Q61: Ahmed Nabil | R61: 300000 | S61: Quality Assurance | T61: 200 | U61: =tbl_Tasks_Clean[[#This Row],[Actual_Cost]]-tbl_Tasks_Clean[[#This Row],[Planned_Cost]] -> -5034 | V61: =IFERROR(tbl_Tasks_Clean[[#This Row],[Cost_Variance]]/tbl_Tasks_Clean[[#This Row],[Planned_Cost]],0) -> -0.62925 | W61: =IF(AND(tbl_Tasks_Clean[[#This Row],[Status]]="Completed",tbl_Tasks_Clean[[#This Row],[Delay_Days]]<=0),"On Time",IF(AND(tbl_Tasks_Clean[[#This Row],[Status]]="Completed",tbl_Tasks_Clean[[#This Row],[Delay_Days]]>0),"Late","N/A")) -> N/A | X61: {=_xlfn.IFS(tbl_Tasks_Clean[[#This Row],[Planned_Duration_Days]]<=7,"Short (<=7 days)",tbl_Tasks_Clean[[#This Row],[Planned_Duration_Days]]<=20,"Medium (8-20 days)",TRUE,"Long (>20 days)")} -> Short (<=7 days) | Y61: =INDEX(Projects!$D:$D,MATCH(tbl_Tasks_Clean[[#This Row],[Project_ID]],Projects!$A:$A,0)) -> Ahmed Nabil | Z61: =IF(tbl_Tasks_Clean[[#This Row],[Delay_Days]]>0,"Delayed by "&TEXT(tbl_Tasks_Clean[[#This Row],[Delay_Days]],"0")&" days",IF(tbl_Tasks_Clean[[#This Row],[Delay_Days]]<0,"Early by "&TEXT(-tbl_Tasks_Clean[[#This Row],[Delay_Days]],"0")&" days","On schedule")) -> On schedule
A62: TSK-0076 | B62: PRJ-004 | C62: Warehouse Automation | D62: Optimize server configuration | E62: Marketing | F62: Tarek Abdelrahman | G62: Medium | H62: Completed | I62: 1500 | J62: 1412 | K62: 45520 | L62: 45547 | M62: 45548 | N62: 27 | O62: 1 | P62: Cairo Financial Services | Q62: Laila Samir | R62: 75000 | S62: IT | T62: 180 | U62: =tbl_Tasks_Clean[[#This Row],[Actual_Cost]]-tbl_Tasks_Clean[[#This Row],[Planned_Cost]] -> -88 | V62: =IFERROR(tbl_Tasks_Clean[[#This Row],[Cost_Variance]]/tbl_Tasks_Clean[[#This Row],[Planned_Cost]],0) -> -0.058666667 | W62: =IF(AND(tbl_Tasks_Clean[[#This Row],[Status]]="Completed",tbl_Tasks_Clean[[#This Row],[Delay_Days]]<=0),"On Time",IF(AND(tbl_Tasks_Clean[[#This Row],[Status]]="Completed",tbl_Tasks_Clean[[#This Row],[Delay_Days]]>0),"Late","N/A")) -> Late | X62: {=_xlfn.IFS(tbl_Tasks_Clean[[#This Row],[Planned_Duration_Days]]<=7,"Short (<=7 days)",tbl_Tasks_Clean[[#This Row],[Planned_Duration_Days]]<=20,"Medium (8-20 days)",TRUE,"Long (>20 days)")} -> Long (>20 days) | Y62: =INDEX(Projects!$D:$D,MATCH(tbl_Tasks_Clean[[#This Row],[Project_ID]],Projects!$A:$A,0)) -> Laila Samir | Z62: =IF(tbl_Tasks_Clean[[#This Row],[Delay_Days]]>0,"Delayed by "&TEXT(tbl_Tasks_Clean[[#This Row],[Delay_Days]],"0")&" days",IF(tbl_Tasks_Clean[[#This Row],[Delay_Days]]<0,"Early by "&TEXT(-tbl_Tasks_Clean[[#This Row],[Delay_Days]],"0")&" days","On schedule")) -> Delayed by 1 days
A63: TSK-0284 | B63: PRJ-014 | C63: Retail Store Opening | D63: Document budget report | E63: Marketing | F63: Farida Zaki | G63: Medium | H63: Delayed | I63: 1500 | J63: 1497 | K63: 45453 | L63: 45481 | M63: 45496 | N63: 28 | O63: 15 | P63: Orbit Media | Q63: Ahmed Nabil | R63: 300000 | S63: Operations | T63: 200 | U63: =tbl_Tasks_Clean[[#This Row],[Actual_Cost]]-tbl_Tasks_Clean[[#This Row],[Planned_Cost]] -> -3 | V63: =IFERROR(tbl_Tasks_Clean[[#This Row],[Cost_Variance]]/tbl_Tasks_Clean[[#This Row],[Planned_Cost]],0) -> -0.002 | W63: =IF(AND(tbl_Tasks_Clean[[#This Row],[Status]]="Completed",tbl_Tasks_Clean[[#This Row],[Delay_Days]]<=0),"On Time",IF(AND(tbl_Tasks_Clean[[#This Row],[Status]]="Completed",tbl_Tasks_Clean[[#This Row],[Delay_Days]]>0),"Late","N/A")) -> N/A | X63: {=_xlfn.IFS(tbl_Tasks_Clean[[#This Row],[Planned_Duration_Days]]<=7,"Short (<=7 days)",tbl_Tasks_Clean[[#This Row],[Planned_Duration_Days]]<=20,"Medium (8-20 days)",TRUE,"Long (>20 days)")} -> Long (>20 days) | Y63: =INDEX(Projects!$D:$D,MATCH(tbl_Tasks_Clean[[#This Row],[Project_ID]],Projects!$A:$A,0)) -> Ahmed Nabil | Z63: =IF(tbl_Tasks_Clean[[#This Row],[Delay_Days]]>0,"Delayed by "&TEXT(tbl_Tasks_Clean[[#This Row],[Delay_Days]],"0")&" days",IF(tbl_Tasks_Clean[[#This Row],[Delay_Days]]<0,"Early by "&TEXT(-tbl_Tasks_Clean[[#This Row],[Delay_Days]],"0")&" days","On schedule")) -> Delayed by 15 days
A64: TSK-0297 | B64: PRJ-015 | C64: Data Center Upgrade | D64: Deploy user interface | E64: Finance | F64: Dina Mahmoud | G64: Medium | H64: Done | I64: 3000 | J64: 2936 | K64: 45434 | L64: 45461 | M64: 45462 | N64: 27 | O64: 1 | P64: Internal | Q64: Nourhan Tarek | R64: 75000 | S64: Quality Assurance | T64: 250 | U64: =tbl_Tasks_Clean[[#This Row],[Actual_Cost]]-tbl_Tasks_Clean[[#This Row],[Planned_Cost]] -> -64 | V64: =IFERROR(tbl_Tasks_Clean[[#This Row],[Cost_Variance]]/tbl_Tasks_Clean[[#This Row],[Planned_Cost]],0) -> -0.021333333 | W64: =IF(AND(tbl_Tasks_Clean[[#This Row],[Status]]="Completed",tbl_Tasks_Clean[[#This Row],[Delay_Days]]<=0),"On Time",IF(AND(tbl_Tasks_Clean[[#This Row],[Status]]="Completed",tbl_Tasks_Clean[[#This Row],[Delay_Days]]>0),"Late","N/A")) -> N/A | X64: {=_xlfn.IFS(tbl_Tasks_Clean[[#This Row],[Planned_Duration_Days]]<=7,"Short (<=7 days)",tbl_Tasks_Clean[[#This Row],[Planned_Duration_Days]]<=20,"Medium (8-20 days)",TRUE,"Long (>20 days)")} -> Long (>20 days) | Y64: =INDEX(Projects!$D:$D,MATCH(tbl_Tasks_Clean[[#This Row],[Project_ID]],Projects!$A:$A,0)) -> Nourhan Tarek | Z64: =IF(tbl_Tasks_Clean[[#This Row],[Delay_Days]]>0,"Delayed by "&TEXT(tbl_Tasks_Clean[[#This Row],[Delay_Days]],"0")&" days",IF(tbl_Tasks_Clean[[#This Row],[Delay_Days]]<0,"Early by "&TEXT(-tbl_Tasks_Clean[[#This Row],[Delay_Days]],"0")&" days","On schedule")) -> Delayed by 1 days
A65: TSK-0259 | B65: PRJ-013 | C65: Brand Refresh Campaign | D65: Plan server configuration | E65: Quality | F65: Hassan Fouad | G65: Low | H65: Completed | I65: 2000 | J65: 2777 | O65: 0 | P65: Internal | Q65: Nourhan Tarek | R65: 200000 | S65: IT | T65: 280 | U65: =tbl_Tasks_Clean[[#This Row],[Actual_Cost]]-tbl_Tasks_Clean[[#This Row],[Planned_Cost]] -> 777 | V65: =IFERROR(tbl_Tasks_Clean[[#This Row],[Cost_Variance]]/tbl_Tasks_Clean[[#This Row],[Planned_Cost]],0) -> 0.3885 | W65: =IF(AND(tbl_Tasks_Clean[[#This Row],[Status]]="Completed",tbl_Tasks_Clean[[#This Row],[Delay_Days]]<=0),"On Time",IF(AND(tbl_Tasks_Clean[[#This Row],[Status]]="Completed",tbl_Tasks_Clean[[#This Row],[Delay_Days]]>0),"Late","N/A")) -> On Time | X65: {=_xlfn.IFS(tbl_Tasks_Clean[[#This Row],[Planned_Duration_Days]]<=7,"Short (<=7 days)",tbl_Tasks_Clean[[#This Row],[Planned_Duration_Days]]<=20,"Medium (8-20 days)",TRUE,"Long (>20 days)")} -> Short (<=7 days) | Y65: =INDEX(Projects!$D:$D,MATCH(tbl_Tasks_Clean[[#This Row],[Project_ID]],Projects!$A:$A,0)) -> Nourhan Tarek | Z65: =IF(tbl_Tasks_Clean[[#This Row],[Delay_Days]]>0,"Delayed by "&TEXT(tbl_Tasks_Clean[[#This Row],[Delay_Days]],"0")&" days",IF(tbl_Tasks_Clean[[#This Row],[Delay_Days]]<0,"Early by "&TEXT(-tbl_Tasks_Clean[[#This Row],[Delay_Days]],"0")&" days","On schedule")) -> On schedule
A66: TSK-0006 | B66: PRJ-001 | C66: Website Redesign | D66: Design onboarding process | E66: HR | F66: Farida Younes | G66: High | H66: Delayed | I66: 5000 | J66: 6659 | K66: 45579 | L66: 45597 | M66: 45600 | N66: 18 | O66: 3 | P66: Nile Corp | Q66: Mona Farid | R66: 75000 | S66: Operations | T66: 180 | U66: =tbl_Tasks_Clean[[#This Row],[Actual_Cost]]-tbl_Tasks_Clean[[#This Row],[Planned_Cost]] -> 1659 | V66: =IFERROR(tbl_Tasks_Clean[[#This Row],[Cost_Variance]]/tbl_Tasks_Clean[[#This Row],[Planned_Cost]],0) -> 0.3318 | W66: =IF(AND(tbl_Tasks_Clean[[#This Row],[Status]]="Completed",tbl_Tasks_Clean[[#This Row],[Delay_Days]]<=0),"On Time",IF(AND(tbl_Tasks_Clean[[#This Row],[Status]]="Completed",tbl_Tasks_Clean[[#This Row],[Delay_Days]]>0),"Late","N/A")) -> N/A | X66: {=_xlfn.IFS(tbl_Tasks_Clean[[#This Row],[Planned_Duration_Days]]<=7,"Short (<=7 days)",tbl_Tasks_Clean[[#This Row],[Planned_Duration_Days]]<=20,"Medium (8-20 days)",TRUE,"Long (>20 days)")} -> Medium (8-20 days) | Y66: =INDEX(Projects!$D:$D,MATCH(tbl_Tasks_Clean[[#This Row],[Project_ID]],Projects!$A:$A,0)) -> Mona Farid | Z66: =IF(tbl_Tasks_Clean[[#This Row],[Delay_Days]]>0,"Delayed by "&TEXT(tbl_Tasks_Clean[[#This Row],[Delay_Days]],"0")&" days",IF(tbl_Tasks_Clean[[#This Row],[Delay_Days]]<0,"Early by "&TEXT(-tbl_Tasks_Clean[[#This Row],[Delay_Days]],"0")&" days","On schedule")) -> Delayed by 3 days
A67: TSK-0296 | B67: PRJ-015 | C67: Data Center Upgrade | D67: Design employee handbook | E67: Finance | F67: Hassan Fouad | G67: Low | H67: In Progress | I67: 1500 | J67: 408 | K67: 45427 | L67: 45454 | N67: 27 | O67: 0 | P67: Internal | Q67: Nourhan Tarek | R67: 75000 | S67: IT | T67: 280 | U67: =tbl_Tasks_Clean[[#This Row],[Actual_Cost]]-tbl_Tasks_Clean[[#This Row],[Planned_Cost]] -> -1092 | V67: =IFERROR(tbl_Tasks_Clean[[#This Row],[Cost_Variance]]/tbl_Tasks_Clean[[#This Row],[Planned_Cost]],0) -> -0.728 | W67: =IF(AND(tbl_Tasks_Clean[[#This Row],[Status]]="Completed",tbl_Tasks_Clean[[#This Row],[Delay_Days]]<=0),"On Time",IF(AND(tbl_Tasks_Clean[[#This Row],[Status]]="Completed",tbl_Tasks_Clean[[#This Row],[Delay_Days]]>0),"Late","N/A")) -> N/A | X67: {=_xlfn.IFS(tbl_Tasks_Clean[[#This Row],[Planned_Duration_Days]]<=7,"Short (<=7 days)",tbl_Tasks_Clean[[#This Row],[Planned_Duration_Days]]<=20,"Medium (8-20 days)",TRUE,"Long (>20 days)")} -> Long (>20 days) | Y67: =INDEX(Projects!$D:$D,MATCH(tbl_Tasks_Clean[[#This Row],[Project_ID]],Projects!$A:$A,0)) -> Nourhan Tarek | Z67: =IF(tbl_Tasks_Clean[[#This Row],[Delay_Days]]>0,"Delayed by "&TEXT(tbl_Tasks_Clean[[#This Row],[Delay_Days]],"0")&" days",IF(tbl_Tasks_Clean[[#This Row],[Delay_Days]]<0,"Early by "&TEXT(-tbl_Tasks_Clean[[#This Row],[Delay_Days]],"0")&" days","On schedule")) -> On schedule
A68: TSK-0007 | B68: PRJ-001 | C68: Website Redesign | D68: Develop backup procedure | E68: Marketing | F68: Unassigned | G68: Low | H68: Ongoing | I68: 3000 | J68: 992 | K68: 45494 | L68: 45503 | N68: 9 | O68: 0 | P68: Nile Corp | Q68: Mona Farid | R68: 75000 | U68: =tbl_Tasks_Clean[[#This Row],[Actual_Cost]]-tbl_Tasks_Clean[[#This Row],[Planned_Cost]] -> -2008 | V68: =IFERROR(tbl_Tasks_Clean[[#This Row],[Cost_Variance]]/tbl_Tasks_Clean[[#This Row],[Planned_Cost]],0) -> -0.66933333 | W68: =IF(AND(tbl_Tasks_Clean[[#This Row],[Status]]="Completed",tbl_Tasks_Clean[[#This Row],[Delay_Days]]<=0),"On Time",IF(AND(tbl_Tasks_Clean[[#This Row],[Status]]="Completed",tbl_Tasks_Clean[[#This Row],[Delay_Days]]>0),"Late","N/A")) -> N/A | X68: {=_xlfn.IFS(tbl_Tasks_Clean[[#This Row],[Planned_Duration_Days]]<=7,"Short (<=7 days)",tbl_Tasks_Clean[[#This Row],[Planned_Duration_Days]]<=20,"Medium (8-20 days)",TRUE,"Long (>20 days)")} -> Medium (8-20 days) | Y68: =INDEX(Projects!$D:$D,MATCH(tbl_Tasks_Clean[[#This Row],[Project_ID]],Projects!$A:$A,0)) -> Mona Farid | Z68: =IF(tbl_Tasks_Clean[[#This Row],[Delay_Days]]>0,"Delayed by "&TEXT(tbl_Tasks_Clean[[#This Row],[Delay_Days]],"0")&" days",IF(tbl_Tasks_Clean[[#This Row],[Delay_Days]]<0,"Early by "&TEXT(-tbl_Tasks_Clean[[#This Row],[Delay_Days]],"0")&" days","On schedule")) -> On schedule
A69: TSK-0271 | B69: PRJ-014 | C69: Retail Store Opening | D69: Deploy warehouse layout | E69: Finance | F69: Tarek Shawky | G69: High | H69: Completed | I69: 6000 | J69: 6093 | K69: 45320 | L69: 45329 | M69: 45328 | N69: 9 | O69: -1 | P69: Orbit Media | Q69: Ahmed Nabil | R69: 300000 | S69: Procurement | T69: 150 | U69: =tbl_Tasks_Clean[[#This Row],[Actual_Cost]]-tbl_Tasks_Clean[[#This Row],[Planned_Cost]] -> 93 | V69: =IFERROR(tbl_Tasks_Clean[[#This Row],[Cost_Variance]]/tbl_Tasks_Clean[[#This Row],[Planned_Cost]],0) -> 0.0155 | W69: =IF(AND(tbl_Tasks_Clean[[#This Row],[Status]]="Completed",tbl_Tasks_Clean[[#This Row],[Delay_Days]]<=0),"On Time",IF(AND(tbl_Tasks_Clean[[#This Row],[Status]]="Completed",tbl_Tasks_Clean[[#This Row],[Delay_Days]]>0),"Late","N/A")) -> On Time | X69: {=_xlfn.IFS(tbl_Tasks_Clean[[#This Row],[Planned_Duration_Days]]<=7,"Short (<=7 days)",tbl_Tasks_Clean[[#This Row],[Planned_Duration_Days]]<=20,"Medium (8-20 days)",TRUE,"Long (>20 days)")} -> Medium (8-20 days) | Y69: =INDEX(Projects!$D:$D,MATCH(tbl_Tasks_Clean[[#This Row],[Project_ID]],Projects!$A:$A,0)) -> Ahmed Nabil | Z69: =IF(tbl_Tasks_Clean[[#This Row],[Delay_Days]]>0,"Delayed by "&TEXT(tbl_Tasks_Clean[[#This Row],[Delay_Days]],"0")&" days",IF(tbl_Tasks_Clean[[#This Row],[Delay_Days]]<0,"Early by "&TEXT(-tbl_Tasks_Clean[[#This Row],[Delay_Days]],"0")&" days","On schedule")) -> Early by 1 days
A70: TSK-0252 | B70: PRJ-013 | C70: Brand Refresh Campaign | D70: Procure warehouse layout | E70: Procurement | F70: Yasmin Younes | G70: Medium | H70: Completed | I70: 1000 | J70: 1071 | K70: 45512 | L70: 45519 | M70: 45519 | N70: 7 | O70: 0 | P70: Internal | Q70: Nourhan Tarek | R70: 200000 | S70: IT | T70: 220 | U70: =tbl_Tasks_Clean[[#This Row],[Actual_Cost]]-tbl_Tasks_Clean[[#This Row],[Planned_Cost]] -> 71 | V70: =IFERROR(tbl_Tasks_Clean[[#This Row],[Cost_Variance]]/tbl_Tasks_Clean[[#This Row],[Planned_Cost]],0) -> 0.071 | W70: =IF(AND(tbl_Tasks_Clean[[#This Row],[Status]]="Completed",tbl_Tasks_Clean[[#This Row],[Delay_Days]]<=0),"On Time",IF(AND(tbl_Tasks_Clean[[#This Row],[Status]]="Completed",tbl_Tasks_Clean[[#This Row],[Delay_Days]]>0),"Late","N/A")) -> On Time | X70: {=_xlfn.IFS(tbl_Tasks_Clean[[#This Row],[Planned_Duration_Days]]<=7,"Short (<=7 days)",tbl_Tasks_Clean[[#This Row],[Planned_Duration_Days]]<=20,"Medium (8-20 days)",TRUE,"Long (>20 days)")} -> Short (<=7 days) | Y70: =INDEX(Projects!$D:$D,MATCH(tbl_Tasks_Clean[[#This Row],[Project_ID]],Projects!$A:$A,0)) -> Nourhan Tarek | Z70: =IF(tbl_Tasks_Clean[[#This Row],[Delay_Days]]>0,"Delayed by "&TEXT(tbl_Tasks_Clean[[#This Row],[Delay_Days]],"0")&" days",IF(tbl_Tasks_Clean[[#This Row],[Delay_Days]]<0,"Early by "&TEXT(-tbl_Tasks_Clean[[#This Row],[Delay_Days]],"0")&" days","On schedule")) -> On schedule
A71: TSK-0222 | B71: PRJ-011 | C71: HR System Implementation | D71: Test security policy | E71: Finance | F71: Rania Gaber | G71: High | H71: Delayed | I71: 4000 | J71: 3554 | K71: 45423 | L71: 45449 | M71: 45460 | N71: 26 | O71: 11 | P71: Giza Health Systems | Q71: Ahmed Nabil | R71: 200000 | S71: Marketing | T71: 220 | U71: =tbl_Tasks_Clean[[#This Row],[Actual_Cost]]-tbl_Tasks_Clean[[#This Row],[Planned_Cost]] -> -446 | V71: =IFERROR(tbl_Tasks_Clean[[#This Row],[Cost_Variance]]/tbl_Tasks_Clean[[#This Row],[Planned_Cost]],0) -> -0.1115 | W71: =IF(AND(tbl_Tasks_Clean[[#This Row],[Status]]="Completed",tbl_Tasks_Clean[[#This Row],[Delay_Days]]<=0),"On Time",IF(AND(tbl_Tasks_Clean[[#This Row],[Status]]="Completed",tbl_Tasks_Clean[[#This Row],[Delay_Days]]>0),"Late","N/A")) -> N/A | X71: {=_xlfn.IFS(tbl_Tasks_Clean[[#This Row],[Planned_Duration_Days]]<=7,"Short (<=7 days)",tbl_Tasks_Clean[[#This Row],[Planned_Duration_Days]]<=20,"Medium (8-20 days)",TRUE,"Long (>20 days)")} -> Long (>20 days) | Y71: =INDEX(Projects!$D:$D,MATCH(tbl_Tasks_Clean[[#This Row],[Project_ID]],Projects!$A:$A,0)) -> Ahmed Nabil | Z71: =IF(tbl_Tasks_Clean[[#This Row],[Delay_Days]]>0,"Delayed by "&TEXT(tbl_Tasks_Clean[[#This Row],[Delay_Days]],"0")&" days",IF(tbl_Tasks_Clean[[#This Row],[Delay_Days]]<0,"Early by "&TEXT(-tbl_Tasks_Clean[[#This Row],[Delay_Days]],"0")&" days","On schedule")) -> Delayed by 11 days
A72: TSK-0201 | B72: PRJ-010 | C72: Product Line Expansion | D72: Train users on dashboard | E72: HR | F72: Farida Younes | G72: Medium | H72: Completed | I72: 2000 | J72: 1896 | K72: 45476 | L72: 45500 | M72: 45500 | N72: 24 | O72: 0 | P72: Internal | Q72: Sara Hassan | R72: 150000 | S72: Operations | T72: 180 | U72: =tbl_Tasks_Clean[[#This Row],[Actual_Cost]]-tbl_Tasks_Clean[[#This Row],[Planned_Cost]] -> -104 | V72: =IFERROR(tbl_Tasks_Clean[[#This Row],[Cost_Variance]]/tbl_Tasks_Clean[[#This Row],[Planned_Cost]],0) -> -0.052 | W72: =IF(AND(tbl_Tasks_Clean[[#This Row],[Status]]="Completed",tbl_Tasks_Clean[[#This Row],[Delay_Days]]<=0),"On Time",IF(AND(tbl_Tasks_Clean[[#This Row],[Status]]="Completed",tbl_Tasks_Clean[[#This Row],[Delay_Days]]>0),"Late","N/A")) -> On Time | X72: {=_xlfn.IFS(tbl_Tasks_Clean[[#This Row],[Planned_Duration_Days]]<=7,"Short (<=7 days)",tbl_Tasks_Clean[[#This Row],[Planned_Duration_Days]]<=20,"Medium (8-20 days)",TRUE,"Long (>20 days)")} -> Long (>20 days) | Y72: =INDEX(Projects!$D:$D,MATCH(tbl_Tasks_Clean[[#This Row],[Project_ID]],Projects!$A:$A,0)) -> Sara Hassan | Z72: =IF(tbl_Tasks_Clean[[#This Row],[Delay_Days]]>0,"Delayed by "&TEXT(tbl_Tasks_Clean[[#This Row],[Delay_Days]],"0")&" days",IF(tbl_Tasks_Clean[[#This Row],[Delay_Days]]<0,"Early by "&TEXT(-tbl_Tasks_Clean[[#This Row],[Delay_Days]],"0")&" days","On schedule")) -> On schedule
A73: TSK-0207 | B73: PRJ-010 | C73: Product Line Expansion | D73: Analyze onboarding process | E73: Quality | F73: Khaled Younes | G73: Low | H73: Not Started | I73: 8000 | J73: 0 | K73: 45407 | L73: 45437 | N73: 30 | O73: 0 | P73: Internal | Q73: Sara Hassan | R73: 150000 | S73: Finance | T73: 280 | U73: =tbl_Tasks_Clean[[#This Row],[Actual_Cost]]-tbl_Tasks_Clean[[#This Row],[Planned_Cost]] -> -8000 | V73: =IFERROR(tbl_Tasks_Clean[[#This Row],[Cost_Variance]]/tbl_Tasks_Clean[[#This Row],[Planned_Cost]],0) -> -1 | W73: =IF(AND(tbl_Tasks_Clean[[#This Row],[Status]]="Completed",tbl_Tasks_Clean[[#This Row],[Delay_Days]]<=0),"On Time",IF(AND(tbl_Tasks_Clean[[#This Row],[Status]]="Completed",tbl_Tasks_Clean[[#This Row],[Delay_Days]]>0),"Late","N/A")) -> N/A | X73: {=_xlfn.IFS(tbl_Tasks_Clean[[#This Row],[Planned_Duration_Days]]<=7,"Short (<=7 days)",tbl_Tasks_Clean[[#This Row],[Planned_Duration_Days]]<=20,"Medium (8-20 days)",TRUE,"Long (>20 days)")} -> Long (>20 days) | Y73: =INDEX(Projects!$D:$D,MATCH(tbl_Tasks_Clean[[#This Row],[Project_ID]],Projects!$A:$A,0)) -> Sara Hassan | Z73: =IF(tbl_Tasks_Clean[[#This Row],[Delay_Days]]>0,"Delayed by "&TEXT(tbl_Tasks_Clean[[#This Row],[Delay_Days]],"0")&" days",IF(tbl_Tasks_Clean[[#This Row],[Delay_Days]]<0,"Early by "&TEXT(-tbl_Tasks_Clean[[#This Row],[Delay_Days]],"0")&" days","On schedule")) -> On schedule
A74: TSK-0185 | B74: PRJ-009 | C74: Supply Chain Optimization | D74: Develop onboarding process | F74: Reem Gaber | G74: Medium | H74: In Progress | I74: 1500 | J74: 312 | K74: 45297 | L74: 45318 | N74: 21 | O74: 0 | P74: Suez Trading Co. | Q74: Laila Samir | R74: 100000 | S74: Operations | T74: 180 | U74: =tbl_Tasks_Clean[[#This Row],[Actual_Cost]]-tbl_Tasks_Clean[[#This Row],[Planned_Cost]] -> -1188 | V74: =IFERROR(tbl_Tasks_Clean[[#This Row],[Cost_Variance]]/tbl_Tasks_Clean[[#This Row],[Planned_Cost]],0) -> -0.792 | W74: =IF(AND(tbl_Tasks_Clean[[#This Row],[Status]]="Completed",tbl_Tasks_Clean[[#This Row],[Delay_Days]]<=0),"On Time",IF(AND(tbl_Tasks_Clean[[#This Row],[Status]]="Completed",tbl_Tasks_Clean[[#This Row],[Delay_Days]]>0),"Late","N/A")) -> N/A | X74: {=_xlfn.IFS(tbl_Tasks_Clean[[#This Row],[Planned_Duration_Days]]<=7,"Short (<=7 days)",tbl_Tasks_Clean[[#This Row],[Planned_Duration_Days]]<=20,"Medium (8-20 days)",TRUE,"Long (>20 days)")} -> Long (>20 days) | Y74: =INDEX(Projects!$D:$D,MATCH(tbl_Tasks_Clean[[#This Row],[Project_ID]],Projects!$A:$A,0)) -> Laila Samir | Z74: =IF(tbl_Tasks_Clean[[#This Row],[Delay_Days]]>0,"Delayed by "&TEXT(tbl_Tasks_Clean[[#This Row],[Delay_Days]],"0")&" days",IF(tbl_Tasks_Clean[[#This Row],[Delay_Days]]<0,"Early by "&TEXT(-tbl_Tasks_Clean[[#This Row],[Delay_Days]],"0")&" days","On schedule")) -> On schedule
A75: TSK-0045 | B75: PRJ-003 | C75: Mobile App Launch | D75: Procure backup procedure | E75: Operations | F75: Dina Fouad | G75: Medium | H75: Completed | I75: 6000 | J75: 8270 | K75: 45498 | L75: 45514 | M75: 45516 | N75: 16 | O75: 2 | P75: Alexandria Logistics | Q75: Ahmed Nabil | R75: 100000 | S75: Marketing | T75: 300 | U75: =tbl_Tasks_Clean[[#This Row],[Actual_Cost]]-tbl_Tasks_Clean[[#This Row],[Planned_Cost]] -> 2270 | V75: =IFERROR(tbl_Tasks_Clean[[#This Row],[Cost_Variance]]/tbl_Tasks_Clean[[#This Row],[Planned_Cost]],0) -> 0.37833333 | W75: =IF(AND(tbl_Tasks_Clean[[#This Row],[Status]]="Completed",tbl_Tasks_Clean[[#This Row],[Delay_Days]]<=0),"On Time",IF(AND(tbl_Tasks_Clean[[#This Row],[Status]]="Completed",tbl_Tasks_Clean[[#This Row],[Delay_Days]]>0),"Late","N/A")) -> Late | X75: {=_xlfn.IFS(tbl_Tasks_Clean[[#This Row],[Planned_Duration_Days]]<=7,"Short (<=7 days)",tbl_Tasks_Clean[[#This Row],[Planned_Duration_Days]]<=20,"Medium (8-20 days)",TRUE,"Long (>20 days)")} -> Medium (8-20 days) | Y75: =INDEX(Projects!$D:$D,MATCH(tbl_Tasks_Clean[[#This Row],[Project_ID]],Projects!$A:$A,0)) -> Ahmed Nabil | Z75: =IF(tbl_Tasks_Clean[[#This Row],[Delay_Days]]>0,"Delayed by "&TEXT(tbl_Tasks_Clean[[#This Row],[Delay_Days]],"0")&" days",IF(tbl_Tasks_Clean[[#This Row],[Delay_Days]]<0,"Early by "&TEXT(-tbl_Tasks_Clean[[#This Row],[Delay_Days]],"0")&" days","On schedule")) -> Delayed by 2 days
A76: TSK-0218 | B76: PRJ-011 | C76: HR System Implementation | D76: Train users on backup procedure | E76: Operations | F76: Farida Shawky | G76: High | H76: Completed | I76: 2500 | J76: 3495 | O76: 0 | P76: Giza Health Systems | Q76: Ahmed Nabil | R76: 200000 | S76: Procurement | T76: 250 | U76: =tbl_Tasks_Clean[[#This Row],[Actual_Cost]]-tbl_Tasks_Clean[[#This Row],[Planned_Cost]] -> 995 | V76: =IFERROR(tbl_Tasks_Clean[[#This Row],[Cost_Variance]]/tbl_Tasks_Clean[[#This Row],[Planned_Cost]],0) -> 0.398 | W76: =IF(AND(tbl_Tasks_Clean[[#This Row],[Status]]="Completed",tbl_Tasks_Clean[[#This Row],[Delay_Days]]<=0),"On Time",IF(AND(tbl_Tasks_Clean[[#This Row],[Status]]="Completed",tbl_Tasks_Clean[[#This Row],[Delay_Days]]>0),"Late","N/A")) -> On Time | X76: {=_xlfn.IFS(tbl_Tasks_Clean[[#This Row],[Planned_Duration_Days]]<=7,"Short (<=7 days)",tbl_Tasks_Clean[[#This Row],[Planned_Duration_Days]]<=20,"Medium (8-20 days)",TRUE,"Long (>20 days)")} -> Short (<=7 days) | Y76: =INDEX(Projects!$D:$D,MATCH(tbl_Tasks_Clean[[#This Row],[Project_ID]],Projects!$A:$A,0)) -> Ahmed Nabil | Z76: =IF(tbl_Tasks_Clean[[#This Row],[Delay_Days]]>0,"Delayed by "&TEXT(tbl_Tasks_Clean[[#This Row],[Delay_Days]],"0")&" days",IF(tbl_Tasks_Clean[[#This Row],[Delay_Days]]<0,"Early by "&TEXT(-tbl_Tasks_Clean[[#This Row],[Delay_Days]],"0")&" days","On schedule")) -> On schedule
A77: TSK-0190 | B77: PRJ-010 | C77: Product Line Expansion | D77: Plan user interface | E77: HR | F77: Ziad Abdelrahman | G77: High | H77: Ongoing | I77: 1000 | J77: 483 | O77: 0 | P77: Internal | Q77: Sara Hassan | R77: 150000 | S77: Finance | T77: 220 | U77: =tbl_Tasks_Clean[[#This Row],[Actual_Cost]]-tbl_Tasks_Clean[[#This Row],[Planned_Cost]] -> -517 | V77: =IFERROR(tbl_Tasks_Clean[[#This Row],[Cost_Variance]]/tbl_Tasks_Clean[[#This Row],[Planned_Cost]],0) -> -0.517 | W77: =IF(AND(tbl_Tasks_Clean[[#This Row],[Status]]="Completed",tbl_Tasks_Clean[[#This Row],[Delay_Days]]<=0),"On Time",IF(AND(tbl_Tasks_Clean[[#This Row],[Status]]="Completed",tbl_Tasks_Clean[[#This Row],[Delay_Days]]>0),"Late","N/A")) -> N/A | X77: {=_xlfn.IFS(tbl_Tasks_Clean[[#This Row],[Planned_Duration_Days]]<=7,"Short (<=7 days)",tbl_Tasks_Clean[[#This Row],[Planned_Duration_Days]]<=20,"Medium (8-20 days)",TRUE,"Long (>20 days)")} -> Short (<=7 days) | Y77: =INDEX(Projects!$D:$D,MATCH(tbl_Tasks_Clean[[#This Row],[Project_ID]],Projects!$A:$A,0)) -> Sara Hassan | Z77: =IF(tbl_Tasks_Clean[[#This Row],[Delay_Days]]>0,"Delayed by "&TEXT(tbl_Tasks_Clean[[#This Row],[Delay_Days]],"0")&" days",IF(tbl_Tasks_Clean[[#This Row],[Delay_Days]]<0,"Early by "&TEXT(-tbl_Tasks_Clean[[#This Row],[Delay_Days]],"0")&" days","On schedule")) -> On schedule
A78: TSK-0295 | B78: PRJ-015 | C78: Data Center Upgrade | D78: Optimize security policy | E78: Finance | F78: Mostafa El-Sayed | G78: Medium | H78: Completed | I78: 3000 | J78: 2484 | O78: 0 | P78: Internal | Q78: Nourhan Tarek | R78: 75000 | S78: Procurement | T78: 200 | U78: =tbl_Tasks_Clean[[#This Row],[Actual_Cost]]-tbl_Tasks_Clean[[#This Row],[Planned_Cost]] -> -516 | V78: =IFERROR(tbl_Tasks_Clean[[#This Row],[Cost_Variance]]/tbl_Tasks_Clean[[#This Row],[Planned_Cost]],0) -> -0.172 | W78: =IF(AND(tbl_Tasks_Clean[[#This Row],[Status]]="Completed",tbl_Tasks_Clean[[#This Row],[Delay_Days]]<=0),"On Time",IF(AND(tbl_Tasks_Clean[[#This Row],[Status]]="Completed",tbl_Tasks_Clean[[#This Row],[Delay_Days]]>0),"Late","N/A")) -> On Time | X78: {=_xlfn.IFS(tbl_Tasks_Clean[[#This Row],[Planned_Duration_Days]]<=7,"Short (<=7 days)",tbl_Tasks_Clean[[#This Row],[Planned_Duration_Days]]<=20,"Medium (8-20 days)",TRUE,"Long (>20 days)")} -> Short (<=7 days) | Y78: =INDEX(Projects!$D:$D,MATCH(tbl_Tasks_Clean[[#This Row],[Project_ID]],Projects!$A:$A,0)) -> Nourhan Tarek | Z78: =IF(tbl_Tasks_Clean[[#This Row],[Delay_Days]]>0,"Delayed by "&TEXT(tbl_Tasks_Clean[[#This Row],[Delay_Days]],"0")&" days",IF(tbl_Tasks_Clean[[#This Row],[Delay_Days]]<0,"Early by "&TEXT(-tbl_Tasks_Clean[[#This Row],[Delay_Days]],"0")&" days","On schedule")) -> On schedule
A79: TSK-0155 | B79: PRJ-008 | C79: Office Relocation | D79: Approve database schema | E79: Marketing | F79: Tarek Shawky | G79: Medium | H79: Done | I79: 8000 | J79: 6121 | K79: 45354 | L79: 45359 | M79: 45358 | N79: 5 | O79: -1 | P79: Pharos Holdings | Q79: Nourhan Tarek | R79: 300000 | S79: Procurement | T79: 150 | U79: =tbl_Tasks_Clean[[#This Row],[Actual_Cost]]-tbl_Tasks_Clean[[#This Row],[Planned_Cost]] -> -1879 | V79: =IFERROR(tbl_Tasks_Clean[[#This Row],[Cost_Variance]]/tbl_Tasks_Clean[[#This Row],[Planned_Cost]],0) -> -0.234875 | W79: =IF(AND(tbl_Tasks_Clean[[#This Row],[Status]]="Completed",tbl_Tasks_Clean[[#This Row],[Delay_Days]]<=0),"On Time",IF(AND(tbl_Tasks_Clean[[#This Row],[Status]]="Completed",tbl_Tasks_Clean[[#This Row],[Delay_Days]]>0),"Late","N/A")) -> N/A | X79: {=_xlfn.IFS(tbl_Tasks_Clean[[#This Row],[Planned_Duration_Days]]<=7,"Short (<=7 days)",tbl_Tasks_Clean[[#This Row],[Planned_Duration_Days]]<=20,"Medium (8-20 days)",TRUE,"Long (>20 days)")} -> Short (<=7 days) | Y79: =INDEX(Projects!$D:$D,MATCH(tbl_Tasks_Clean[[#This Row],[Project_ID]],Projects!$A:$A,0)) -> Nourhan Tarek | Z79: =IF(tbl_Tasks_Clean[[#This Row],[Delay_Days]]>0,"Delayed by "&TEXT(tbl_Tasks_Clean[[#This Row],[Delay_Days]],"0")&" days",IF(tbl_Tasks_Clean[[#This Row],[Delay_Days]]<0,"Early by "&TEXT(-tbl_Tasks_Clean[[#This Row],[Delay_Days]],"0")&" days","On schedule")) -> Early by 1 days
A80: TSK-0109 | B80: PRJ-006 | C80: CRM Migration | D80: Develop warehouse layout | E80: Procurement | F80: Hana Zaki | G80: High | H80: Done | I80: 1000 | J80: 1278 | K80: 45433 | L80: 45462 | M80: 45463 | N80: 29 | O80: 1 | P80: BlueWave Telecom | Q80: Mona Farid | R80: 120000 | S80: IT | T80: 150 | U80: =tbl_Tasks_Clean[[#This Row],[Actual_Cost]]-tbl_Tasks_Clean[[#This Row],[Planned_Cost]] -> 278 | V80: =IFERROR(tbl_Tasks_Clean[[#This Row],[Cost_Variance]]/tbl_Tasks_Clean[[#This Row],[Planned_Cost]],0) -> 0.278 | W80: =IF(AND(tbl_Tasks_Clean[[#This Row],[Status]]="Completed",tbl_Tasks_Clean[[#This Row],[Delay_Days]]<=0),"On Time",IF(AND(tbl_Tasks_Clean[[#This Row],[Status]]="Completed",tbl_Tasks_Clean[[#This Row],[Delay_Days]]>0),"Late","N/A")) -> N/A | X80: {=_xlfn.IFS(tbl_Tasks_Clean[[#This Row],[Planned_Duration_Days]]<=7,"Short (<=7 days)",tbl_Tasks_Clean[[#This Row],[Planned_Duration_Days]]<=20,"Medium (8-20 days)",TRUE,"Long (>20 days)")} -> Long (>20 days) | Y80: =INDEX(Projects!$D:$D,MATCH(tbl_Tasks_Clean[[#This Row],[Project_ID]],Projects!$A:$A,0)) -> Mona Farid | Z80: =IF(tbl_Tasks_Clean[[#This Row],[Delay_Days]]>0,"Delayed by "&TEXT(tbl_Tasks_Clean[[#This Row],[Delay_Days]],"0")&" days",IF(tbl_Tasks_Clean[[#This Row],[Delay_Days]]<0,"Early by "&TEXT(-tbl_Tasks_Clean[[#This Row],[Delay_Days]],"0")&" days","On schedule")) -> Delayed by 1 days
A81: TSK-0281 | B81: PRJ-014 | C81: Retail Store Opening | D81: Plan backup procedure | E81: HR | F81: Yasmin El-Sayed | G81: High | H81: Delayed | I81: 2000 | J81: 2272 | K81: 45339 | L81: 45367 | M81: 45382 | N81: 28 | O81: 15 | P81: Orbit Media | Q81: Ahmed Nabil | R81: 300000 | S81: HR | T81: 180 | U81: =tbl_Tasks_Clean[[#This Row],[Actual_Cost]]-tbl_Tasks_Clean[[#This Row],[Planned_Cost]] -> 272 | V81: =IFERROR(tbl_Tasks_Clean[[#This Row],[Cost_Variance]]/tbl_Tasks_Clean[[#This Row],[Planned_Cost]],0) -> 0.136 | W81: =IF(AND(tbl_Tasks_Clean[[#This Row],[Status]]="Completed",tbl_Tasks_Clean[[#This Row],[Delay_Days]]<=0),"On Time",IF(AND(tbl_Tasks_Clean[[#This Row],[Status]]="Completed",tbl_Tasks_Clean[[#This Row],[Delay_Days]]>0),"Late","N/A")) -> N/A | X81: {=_xlfn.IFS(tbl_Tasks_Clean[[#This Row],[Planned_Duration_Days]]<=7,"Short (<=7 days)",tbl_Tasks_Clean[[#This Row],[Planned_Duration_Days]]<=20,"Medium (8-20 days)",TRUE,"Long (>20 days)")} -> Long (>20 days) | Y81: =INDEX(Projects!$D:$D,MATCH(tbl_Tasks_Clean[[#This Row],[Project_ID]],Projects!$A:$A,0)) -> Ahmed Nabil | Z81: =IF(tbl_Tasks_Clean[[#This Row],[Delay_Days]]>0,"Delayed by "&TEXT(tbl_Tasks_Clean[[#This Row],[Delay_Days]],"0")&" days",IF(tbl_Tasks_Clean[[#This Row],[Delay_Days]]<0,"Early by "&TEXT(-tbl_Tasks_Clean[[#This Row],[Delay_Days]],"0")&" days","On schedule")) -> Delayed by 15 days
A82: TSK-0144 | B82: PRJ-007 | C82: Network Security Overhaul | D82: Approve warehouse layout | E82: Operations | F82: Khaled Naguib | G82: Low | H82: Pending | I82: 2500 | J82: 0 | O82: 0 | P82: Internal | Q82: Laila Samir | R82: 120000 | S82: Finance | T82: 250 | U82: =tbl_Tasks_Clean[[#This Row],[Actual_Cost]]-tbl_Tasks_Clean[[#This Row],[Planned_Cost]] -> -2500 | V82: =IFERROR(tbl_Tasks_Clean[[#This Row],[Cost_Variance]]/tbl_Tasks_Clean[[#This Row],[Planned_Cost]],0) -> -1 | W82: =IF(AND(tbl_Tasks_Clean[[#This Row],[Status]]="Completed",tbl_Tasks_Clean[[#This Row],[Delay_Days]]<=0),"On Time",IF(AND(tbl_Tasks_Clean[[#This Row],[Status]]="Completed",tbl_Tasks_Clean[[#This Row],[Delay_Days]]>0),"Late","N/A")) -> N/A | X82: {=_xlfn.IFS(tbl_Tasks_Clean[[#This Row],[Planned_Duration_Days]]<=7,"Short (<=7 days)",tbl_Tasks_Clean[[#This Row],[Planned_Duration_Days]]<=20,"Medium (8-20 days)",TRUE,"Long (>20 days)")} -> Short (<=7 days) | Y82: =INDEX(Projects!$D:$D,MATCH(tbl_Tasks_Clean[[#This Row],[Project_ID]],Projects!$A:$A,0)) -> Laila Samir | Z82: =IF(tbl_Tasks_Clean[[#This Row],[Delay_Days]]>0,"Delayed by "&TEXT(tbl_Tasks_Clean[[#This Row],[Delay_Days]],"0")&" days",IF(tbl_Tasks_Clean[[#This Row],[Delay_Days]]<0,"Early by "&TEXT(-tbl_Tasks_Clean[[#This Row],[Delay_Days]],"0")&" days","On schedule")) -> On schedule
A83: TSK-0077 | B83: PRJ-004 | C83: Warehouse Automation | D83: Optimize supplier list | E83: Marketing | F83: Tarek Abdelrahman | G83: High | H83: Not Started | I83: 4000 | J83: 0 | K83: 45530 | L83: 45542 | N83: 12 | O83: 0 | P83: Cairo Financial Services | Q83: Laila Samir | R83: 75000 | S83: IT | T83: 180 | U83: =tbl_Tasks_Clean[[#This Row],[Actual_Cost]]-tbl_Tasks_Clean[[#This Row],[Planned_Cost]] -> -4000 | V83: =IFERROR(tbl_Tasks_Clean[[#This Row],[Cost_Variance]]/tbl_Tasks_Clean[[#This Row],[Planned_Cost]],0) -> -1 | W83: =IF(AND(tbl_Tasks_Clean[[#This Row],[Status]]="Completed",tbl_Tasks_Clean[[#This Row],[Delay_Days]]<=0),"On Time",IF(AND(tbl_Tasks_Clean[[#This Row],[Status]]="Completed",tbl_Tasks_Clean[[#This Row],[Delay_Days]]>0),"Late","N/A")) -> N/A | X83: {=_xlfn.IFS(tbl_Tasks_Clean[[#This Row],[Planned_Duration_Days]]<=7,"Short (<=7 days)",tbl_Tasks_Clean[[#This Row],[Planned_Duration_Days]]<=20,"Medium (8-20 days)",TRUE,"Long (>20 days)")} -> Medium (8-20 days) | Y83: =INDEX(Projects!$D:$D,MATCH(tbl_Tasks_Clean[[#This Row],[Project_ID]],Projects!$A:$A,0)) -> Laila Samir | Z83: =IF(tbl_Tasks_Clean[[#This Row],[Delay_Days]]>0,"Delayed by "&TEXT(tbl_Tasks_Clean[[#This Row],[Delay_Days]],"0")&" days",IF(tbl_Tasks_Clean[[#This Row],[Delay_Days]]<0,"Early by "&TEXT(-tbl_Tasks_Clean[[#This Row],[Delay_Days]],"0")&" days","On schedule")) -> On schedule
A84: TSK-0124 | B84: PRJ-006 | C84: CRM Migration | D84: Develop vendor contract | E84: HR | F84: Sherif Hosny | G84: Low | H84: Pending | I84: 8000 | J84: 0 | O84: 0 | P84: BlueWave Telecom | Q84: Mona Farid | R84: 120000 | S84: Operations | T84: 200 | U84: =tbl_Tasks_Clean[[#This Row],[Actual_Cost]]-tbl_Tasks_Clean[[#This Row],[Planned_Cost]] -> -8000 | V84: =IFERROR(tbl_Tasks_Clean[[#This Row],[Cost_Variance]]/tbl_Tasks_Clean[[#This Row],[Planned_Cost]],0) -> -1 | W84: =IF(AND(tbl_Tasks_Clean[[#This Row],[Status]]="Completed",tbl_Tasks_Clean[[#This Row],[Delay_Days]]<=0),"On Time",IF(AND(tbl_Tasks_Clean[[#This Row],[Status]]="Completed",tbl_Tasks_Clean[[#This Row],[Delay_Days]]>0),"Late","N/A")) -> N/A | X84: {=_xlfn.IFS(tbl_Tasks_Clean[[#This Row],[Planned_Duration_Days]]<=7,"Short (<=7 days)",tbl_Tasks_Clean[[#This Row],[Planned_Duration_Days]]<=20,"Medium (8-20 days)",TRUE,"Long (>20 days)")} -> Short (<=7 days) | Y84: =INDEX(Projects!$D:$D,MATCH(tbl_Tasks_Clean[[#This Row],[Project_ID]],Projects!$A:$A,0)) -> Mona Farid | Z84: =IF(tbl_Tasks_Clean[[#This Row],[Delay_Days]]>0,"Delayed by "&TEXT(tbl_Tasks_Clean[[#This Row],[Delay_Days]],"0")&" days",IF(tbl_Tasks_Clean[[#This Row],[Delay_Days]]<0,"Early by "&TEXT(-tbl_Tasks_Clean[[#This Row],[Delay_Days]],"0")&" days","On schedule")) -> On schedule
A85: TSK-0285 | B85: PRJ-014 | C85: Retail Store Opening | D85: Procure quality checklist | E85: Marketing | F85: Sherif Ibrahim | G85: Low | H85: In Progress | I85: 5000 | J85: 2964 | K85: 45436 | L85: 45439 | N85: 3 | O85: 0 | P85: Orbit Media | Q85: Ahmed Nabil | R85: 300000 | S85: Procurement | T85: 180 | U85: =tbl_Tasks_Clean[[#This Row],[Actual_Cost]]-tbl_Tasks_Clean[[#This Row],[Planned_Cost]] -> -2036 | V85: =IFERROR(tbl_Tasks_Clean[[#This Row],[Cost_Variance]]/tbl_Tasks_Clean[[#This Row],[Planned_Cost]],0) -> -0.4072 | W85: =IF(AND(tbl_Tasks_Clean[[#This Row],[Status]]="Completed",tbl_Tasks_Clean[[#This Row],[Delay_Days]]<=0),"On Time",IF(AND(tbl_Tasks_Clean[[#This Row],[Status]]="Completed",tbl_Tasks_Clean[[#This Row],[Delay_Days]]>0),"Late","N/A")) -> N/A | X85: {=_xlfn.IFS(tbl_Tasks_Clean[[#This Row],[Planned_Duration_Days]]<=7,"Short (<=7 days)",tbl_Tasks_Clean[[#This Row],[Planned_Duration_Days]]<=20,"Medium (8-20 days)",TRUE,"Long (>20 days)")} -> Short (<=7 days) | Y85: =INDEX(Projects!$D:$D,MATCH(tbl_Tasks_Clean[[#This Row],[Project_ID]],Projects!$A:$A,0)) -> Ahmed Nabil | Z85: =IF(tbl_Tasks_Clean[[#This Row],[Delay_Days]]>0,"Delayed by "&TEXT(tbl_Tasks_Clean[[#This Row],[Delay_Days]],"0")&" days",IF(tbl_Tasks_Clean[[#This Row],[Delay_Days]]<0,"Early by "&TEXT(-tbl_Tasks_Clean[[#This Row],[Delay_Days]],"0")&" days","On schedule")) -> On schedule
A86: TSK-0063 | B86: PRJ-003 | C86: Mobile App Launch | D86: Deploy supplier list | E86: Marketing | F86: Unassigned | G86: High | H86: Pending | I86: 8000 | J86: 0 | K86: 45465 | L86: 45479 | N86: 14 | O86: 0 | P86: Alexandria Logistics | Q86: Ahmed Nabil | R86: 100000 | U86: =tbl_Tasks_Clean[[#This Row],[Actual_Cost]]-tbl_Tasks_Clean[[#This Row],[Planned_Cost]] -> -8000 | V86: =IFERROR(tbl_Tasks_Clean[[#This Row],[Cost_Variance]]/tbl_Tasks_Clean[[#This Row],[Planned_Cost]],0) -> -1 | W86: =IF(AND(tbl_Tasks_Clean[[#This Row],[Status]]="Completed",tbl_Tasks_Clean[[#This Row],[Delay_Days]]<=0),"On Time",IF(AND(tbl_Tasks_Clean[[#This Row],[Status]]="Completed",tbl_Tasks_Clean[[#This Row],[Delay_Days]]>0),"Late","N/A")) -> N/A | X86: {=_xlfn.IFS(tbl_Tasks_Clean[[#This Row],[Planned_Duration_Days]]<=7,"Short (<=7 days)",tbl_Tasks_Clean[[#This Row],[Planned_Duration_Days]]<=20,"Medium (8-20 days)",TRUE,"Long (>20 days)")} -> Medium (8-20 days) | Y86: =INDEX(Projects!$D:$D,MATCH(tbl_Tasks_Clean[[#This Row],[Project_ID]],Projects!$A:$A,0)) -> Ahmed Nabil | Z86: =IF(tbl_Tasks_Clean[[#This Row],[Delay_Days]]>0,"Delayed by "&TEXT(tbl_Tasks_Clean[[#This Row],[Delay_Days]],"0")&" days",IF(tbl_Tasks_Clean[[#This Row],[Delay_Days]]<0,"Early by "&TEXT(-tbl_Tasks_Clean[[#This Row],[Delay_Days]],"0")&" days","On schedule")) -> On schedule
A87: TSK-0023 | B87: PRJ-002 | C87: ERP System Rollout | D87: Install training material | E87: IT | F87: Rania Gaber | G87: Low | H87: Not Started | I87: 8000 | J87: 0 | K87: 45594 | L87: 45616 | N87: 22 | O87: 0 | P87: Delta Retail Group | Q87: Youssef Adel | R87: 150000 | S87: Marketing | T87: 220 | U87: =tbl_Tasks_Clean[[#This Row],[Actual_Cost]]-tbl_Tasks_Clean[[#This Row],[Planned_Cost]] -> -8000 | V87: =IFERROR(tbl_Tasks_Clean[[#This Row],[Cost_Variance]]/tbl_Tasks_Clean[[#This Row],[Planned_Cost]],0) -> -1 | W87: =IF(AND(tbl_Tasks_Clean[[#This Row],[Status]]="Completed",tbl_Tasks_Clean[[#This Row],[Delay_Days]]<=0),"On Time",IF(AND(tbl_Tasks_Clean[[#This Row],[Status]]="Completed",tbl_Tasks_Clean[[#This Row],[Delay_Days]]>0),"Late","N/A")) -> N/A | X87: {=_xlfn.IFS(tbl_Tasks_Clean[[#This Row],[Planned_Duration_Days]]<=7,"Short (<=7 days)",tbl_Tasks_Clean[[#This Row],[Planned_Duration_Days]]<=20,"Medium (8-20 days)",TRUE,"Long (>20 days)")} -> Long (>20 days) | Y87: =INDEX(Projects!$D:$D,MATCH(tbl_Tasks_Clean[[#This Row],[Project_ID]],Projects!$A:$A,0)) -> Youssef Adel | Z87: =IF(tbl_Tasks_Clean[[#This Row],[Delay_Days]]>0,"Delayed by "&TEXT(tbl_Tasks_Clean[[#This Row],[Delay_Days]],"0")&" days",IF(tbl_Tasks_Clean[[#This Row],[Delay_Days]]<0,"Early by "&TEXT(-tbl_Tasks_Clean[[#This Row],[Delay_Days]],"0")&" days","On schedule")) -> On schedule
A88: TSK-0253 | B88: PRJ-013 | C88: Brand Refresh Campaign | D88: Train users on onboarding process | E88: Operations | F88: Tarek Shawky | G88: High | H88: In Progress | I88: 5000 | J88: 2256 | O88: 0 | P88: Internal | Q88: Nourhan Tarek | R88: 200000 | S88: Procurement | T88: 150 | U88: =tbl_Tasks_Clean[[#This Row],[Actual_Cost]]-tbl_Tasks_Clean[[#This Row],[Planned_Cost]] -> -2744 | V88: =IFERROR(tbl_Tasks_Clean[[#This Row],[Cost_Variance]]/tbl_Tasks_Clean[[#This Row],[Planned_Cost]],0) -> -0.5488 | W88: =IF(AND(tbl_Tasks_Clean[[#This Row],[Status]]="Completed",tbl_Tasks_Clean[[#This Row],[Delay_Days]]<=0),"On Time",IF(AND(tbl_Tasks_Clean[[#This Row],[Status]]="Completed",tbl_Tasks_Clean[[#This Row],[Delay_Days]]>0),"Late","N/A")) -> N/A | X88: {=_xlfn.IFS(tbl_Tasks_Clean[[#This Row],[Planned_Duration_Days]]<=7,"Short (<=7 days)",tbl_Tasks_Clean[[#This Row],[Planned_Duration_Days]]<=20,"Medium (8-20 days)",TRUE,"Long (>20 days)")} -> Short (<=7 days) | Y88: =INDEX(Projects!$D:$D,MATCH(tbl_Tasks_Clean[[#This Row],[Project_ID]],Projects!$A:$A,0)) -> Nourhan Tarek | Z88: =IF(tbl_Tasks_Clean[[#This Row],[Delay_Days]]>0,"Delayed by "&TEXT(tbl_Tasks_Clean[[#This Row],[Delay_Days]],"0")&" days",IF(tbl_Tasks_Clean[[#This Row],[Delay_Days]]<0,"Early by "&TEXT(-tbl_Tasks_Clean[[#This Row],[Delay_Days]],"0")&" days","On schedule")) -> On schedule
A89: TSK-0042 | B89: PRJ-003 | C89: Mobile App Launch | D89: Configure supplier list | E89: Finance | F89: Aya Ibrahim | G89: Low | H89: In Progress | I89: 2500 | J89: 1886 | K89: 45367 | L89: 45391 | N89: 24 | O89: 0 | P89: Alexandria Logistics | Q89: Ahmed Nabil | R89: 100000 | S89: Quality Assurance | T89: 250 | U89: =tbl_Tasks_Clean[[#This Row],[Actual_Cost]]-tbl_Tasks_Clean[[#This Row],[Planned_Cost]] -> -614 | V89: =IFERROR(tbl_Tasks_Clean[[#This Row],[Cost_Variance]]/tbl_Tasks_Clean[[#This Row],[Planned_Cost]],0) -> -0.2456 | W89: =IF(AND(tbl_Tasks_Clean[[#This Row],[Status]]="Completed",tbl_Tasks_Clean[[#This Row],[Delay_Days]]<=0),"On Time",IF(AND(tbl_Tasks_Clean[[#This Row],[Status]]="Completed",tbl_Tasks_Clean[[#This Row],[Delay_Days]]>0),"Late","N/A")) -> N/A | X89: {=_xlfn.IFS(tbl_Tasks_Clean[[#This Row],[Planned_Duration_Days]]<=7,"Short (<=7 days)",tbl_Tasks_Clean[[#This Row],[Planned_Duration_Days]]<=20,"Medium (8-20 days)",TRUE,"Long (>20 days)")} -> Long (>20 days) | Y89: =INDEX(Projects!$D:$D,MATCH(tbl_Tasks_Clean[[#This Row],[Project_ID]],Projects!$A:$A,0)) -> Ahmed Nabil | Z89: =IF(tbl_Tasks_Clean[[#This Row],[Delay_Days]]>0,"Delayed by "&TEXT(tbl_Tasks_Clean[[#This Row],[Delay_Days]],"0")&" days",IF(tbl_Tasks_Clean[[#This Row],[Delay_Days]]<0,"Early by "&TEXT(-tbl_Tasks_Clean[[#This Row],[Delay_Days]],"0")&" days","On schedule")) -> On schedule
A90: TSK-0261 | B90: PRJ-013 | C90: Brand Refresh Campaign | D90: Test server configuration | E90: HR | F90: Farida Younes | G90: Low | H90: Done | I90: 4000 | J90: 4271 | K90: 45401 | L90: 45429 | M90: 45431 | N90: 28 | O90: 2 | P90: Internal | Q90: Nourhan Tarek | R90: 200000 | S90: Operations | T90: 180 | U90: =tbl_Tasks_Clean[[#This Row],[Actual_Cost]]-tbl_Tasks_Clean[[#This Row],[Planned_Cost]] -> 271 | V90: =IFERROR(tbl_Tasks_Clean[[#This Row],[Cost_Variance]]/tbl_Tasks_Clean[[#This Row],[Planned_Cost]],0) -> 0.06775 | W90: =IF(AND(tbl_Tasks_Clean[[#This Row],[Status]]="Completed",tbl_Tasks_Clean[[#This Row],[Delay_Days]]<=0),"On Time",IF(AND(tbl_Tasks_Clean[[#This Row],[Status]]="Completed",tbl_Tasks_Clean[[#This Row],[Delay_Days]]>0),"Late","N/A")) -> N/A | X90: {=_xlfn.IFS(tbl_Tasks_Clean[[#This Row],[Planned_Duration_Days]]<=7,"Short (<=7 days)",tbl_Tasks_Clean[[#This Row],[Planned_Duration_Days]]<=20,"Medium (8-20 days)",TRUE,"Long (>20 days)")} -> Long (>20 days) | Y90: =INDEX(Projects!$D:$D,MATCH(tbl_Tasks_Clean[[#This Row],[Project_ID]],Projects!$A:$A,0)) -> Nourhan Tarek | Z90: =IF(tbl_Tasks_Clean[[#This Row],[Delay_Days]]>0,"Delayed by "&TEXT(tbl_Tasks_Clean[[#This Row],[Delay_Days]],"0")&" days",IF(tbl_Tasks_Clean[[#This Row],[Delay_Days]]<0,"Early by "&TEXT(-tbl_Tasks_Clean[[#This Row],[Delay_Days]],"0")&" days","On schedule")) -> Delayed by 2 days
A91: TSK-0229 | B91: PRJ-011 | C91: HR System Implementation | D91: Optimize hardware setup | E91: Procurement | F91: Mostafa El-Sayed | G91: High | H91: Ongoing | I91: 4000 | J91: 2434 | K91: 45450 | L91: 45474 | N91: 24 | O91: 0 | P91: Giza Health Systems | Q91: Ahmed Nabil | R91: 200000 | S91: Procurement | T91: 200 | U91: =tbl_Tasks_Clean[[#This Row],[Actual_Cost]]-tbl_Tasks_Clean[[#This Row],[Planned_Cost]] -> -1566 | V91: =IFERROR(tbl_Tasks_Clean[[#This Row],[Cost_Variance]]/tbl_Tasks_Clean[[#This Row],[Planned_Cost]],0) -> -0.3915 | W91: =IF(AND(tbl_Tasks_Clean[[#This Row],[Status]]="Completed",tbl_Tasks_Clean[[#This Row],[Delay_Days]]<=0),"On Time",IF(AND(tbl_Tasks_Clean[[#This Row],[Status]]="Completed",tbl_Tasks_Clean[[#This Row],[Delay_Days]]>0),"Late","N/A")) -> N/A | X91: {=_xlfn.IFS(tbl_Tasks_Clean[[#This Row],[Planned_Duration_Days]]<=7,"Short (<=7 days)",tbl_Tasks_Clean[[#This Row],[Planned_Duration_Days]]<=20,"Medium (8-20 days)",TRUE,"Long (>20 days)")} -> Long (>20 days) | Y91: =INDEX(Projects!$D:$D,MATCH(tbl_Tasks_Clean[[#This Row],[Project_ID]],Projects!$A:$A,0)) -> Ahmed Nabil | Z91: =IF(tbl_Tasks_Clean[[#This Row],[Delay_Days]]>0,"Delayed by "&TEXT(tbl_Tasks_Clean[[#This Row],[Delay_Days]],"0")&" days",IF(tbl_Tasks_Clean[[#This Row],[Delay_Days]]<0,"Early by "&TEXT(-tbl_Tasks_Clean[[#This Row],[Delay_Days]],"0")&" days","On schedule")) -> On schedule
A92: TSK-0132 | B92: PRJ-007 | C92: Network Security Overhaul | D92: Deploy training material | E92: Marketing | F92: Fady Hosny | G92: High | H92: Pending | I92: 2500 | J92: 0 | K92: 45575 | L92: 45594 | N92: 19 | O92: 0 | P92: Internal | Q92: Laila Samir | R92: 120000 | S92: HR | T92: 300 | U92: =tbl_Tasks_Clean[[#This Row],[Actual_Cost]]-tbl_Tasks_Clean[[#This Row],[Planned_Cost]] -> -2500 | V92: =IFERROR(tbl_Tasks_Clean[[#This Row],[Cost_Variance]]/tbl_Tasks_Clean[[#This Row],[Planned_Cost]],0) -> -1 | W92: =IF(AND(tbl_Tasks_Clean[[#This Row],[Status]]="Completed",tbl_Tasks_Clean[[#This Row],[Delay_Days]]<=0),"On Time",IF(AND(tbl_Tasks_Clean[[#This Row],[Status]]="Completed",tbl_Tasks_Clean[[#This Row],[Delay_Days]]>0),"Late","N/A")) -> N/A | X92: {=_xlfn.IFS(tbl_Tasks_Clean[[#This Row],[Planned_Duration_Days]]<=7,"Short (<=7 days)",tbl_Tasks_Clean[[#This Row],[Planned_Duration_Days]]<=20,"Medium (8-20 days)",TRUE,"Long (>20 days)")} -> Medium (8-20 days) | Y92: =INDEX(Projects!$D:$D,MATCH(tbl_Tasks_Clean[[#This Row],[Project_ID]],Projects!$A:$A,0)) -> Laila Samir | Z92: =IF(tbl_Tasks_Clean[[#This Row],[Delay_Days]]>0,"Delayed by "&TEXT(tbl_Tasks_Clean[[#This Row],[Delay_Days]],"0")&" days",IF(tbl_Tasks_Clean[[#This Row],[Delay_Days]]<0,"Early by "&TEXT(-tbl_Tasks_Clean[[#This Row],[Delay_Days]],"0")&" days","On schedule")) -> On schedule
A93: TSK-0270 | B93: PRJ-013 | C93: Brand Refresh Campaign | D93: Train users on vendor contract | E93: Finance | F93: Mariam Kamal | G93: High | H93: Pending | I93: 3000 | J93: 0 | K93: 45523 | L93: 45528 | N93: 5 | O93: 0 | P93: Internal | Q93: Nourhan Tarek | R93: 200000 | S93: Procurement | T93: 180 | U93: =tbl_Tasks_Clean[[#This Row],[Actual_Cost]]-tbl_Tasks_Clean[[#This Row],[Planned_Cost]] -> -3000 | V93: =IFERROR(tbl_Tasks_Clean[[#This Row],[Cost_Variance]]/tbl_Tasks_Clean[[#This Row],[Planned_Cost]],0) -> -1 | W93: =IF(AND(tbl_Tasks_Clean[[#This Row],[Status]]="Completed",tbl_Tasks_Clean[[#This Row],[Delay_Days]]<=0),"On Time",IF(AND(tbl_Tasks_Clean[[#This Row],[Status]]="Completed",tbl_Tasks_Clean[[#This Row],[Delay_Days]]>0),"Late","N/A")) -> N/A | X93: {=_xlfn.IFS(tbl_Tasks_Clean[[#This Row],[Planned_Duration_Days]]<=7,"Short (<=7 days)",tbl_Tasks_Clean[[#This Row],[Planned_Duration_Days]]<=20,"Medium (8-20 days)",TRUE,"Long (>20 days)")} -> Short (<=7 days) | Y93: =INDEX(Projects!$D:$D,MATCH(tbl_Tasks_Clean[[#This Row],[Project_ID]],Projects!$A:$A,0)) -> Nourhan Tarek | Z93: =IF(tbl_Tasks_Clean[[#This Row],[Delay_Days]]>0,"Delayed by "&TEXT(tbl_Tasks_Clean[[#This Row],[Delay_Days]],"0")&" days",IF(tbl_Tasks_Clean[[#This Row],[Delay_Days]]<0,"Early by "&TEXT(-tbl_Tasks_Clean[[#This Row],[Delay_Days]],"0")&" days","On schedule")) -> On schedule
A94: TSK-0112 | B94: PRJ-006 | C94: CRM Migration | D94: Procure inventory system | F94: Ziad Abdelrahman | G94: High | H94: Not Started | I94: 3000 | J94: 0 | K94: 45371 | L94: 45375 | N94: 4 | O94: 0 | P94: BlueWave Telecom | Q94: Mona Farid | R94: 120000 | S94: Finance | T94: 220 | U94: =tbl_Tasks_Clean[[#This Row],[Actual_Cost]]-tbl_Tasks_Clean[[#This Row],[Planned_Cost]] -> -3000 | V94: =IFERROR(tbl_Tasks_Clean[[#This Row],[Cost_Variance]]/tbl_Tasks_Clean[[#This Row],[Planned_Cost]],0) -> -1 | W94: =IF(AND(tbl_Tasks_Clean[[#This Row],[Status]]="Completed",tbl_Tasks_Clean[[#This Row],[Delay_Days]]<=0),"On Time",IF(AND(tbl_Tasks_Clean[[#This Row],[Status]]="Completed",tbl_Tasks_Clean[[#This Row],[Delay_Days]]>0),"Late","N/A")) -> N/A | X94: {=_xlfn.IFS(tbl_Tasks_Clean[[#This Row],[Planned_Duration_Days]]<=7,"Short (<=7 days)",tbl_Tasks_Clean[[#This Row],[Planned_Duration_Days]]<=20,"Medium (8-20 days)",TRUE,"Long (>20 days)")} -> Short (<=7 days) | Y94: =INDEX(Projects!$D:$D,MATCH(tbl_Tasks_Clean[[#This Row],[Project_ID]],Projects!$A:$A,0)) -> Mona Farid | Z94: =IF(tbl_Tasks_Clean[[#This Row],[Delay_Days]]>0,"Delayed by "&TEXT(tbl_Tasks_Clean[[#This Row],[Delay_Days]],"0")&" days",IF(tbl_Tasks_Clean[[#This Row],[Delay_Days]]<0,"Early by "&TEXT(-tbl_Tasks_Clean[[#This Row],[Delay_Days]],"0")&" days","On schedule")) -> On schedule
A95: TSK-0237 | B95: PRJ-012 | C95: Cloud Migration | D95: Plan vendor contract | E95: Quality | F95: Hana Zaki | G95: High | H95: In Progress | I95: 2000 | J95: 653 | K95: 45372 | L95: 45398 | N95: 26 | O95: 0 | P95: Red Sea Tourism | Q95: Ahmed Nabil | R95: 250000 | S95: IT | T95: 150 | U95: =tbl_Tasks_Clean[[#This Row],[Actual_Cost]]-tbl_Tasks_Clean[[#This Row],[Planned_Cost]] -> -1347 | V95: =IFERROR(tbl_Tasks_Clean[[#This Row],[Cost_Variance]]/tbl_Tasks_Clean[[#This Row],[Planned_Cost]],0) -> -0.6735 | W95: =IF(AND(tbl_Tasks_Clean[[#This Row],[Status]]="Completed",tbl_Tasks_Clean[[#This Row],[Delay_Days]]<=0),"On Time",IF(AND(tbl_Tasks_Clean[[#This Row],[Status]]="Completed",tbl_Tasks_Clean[[#This Row],[Delay_Days]]>0),"Late","N/A")) -> N/A | X95: {=_xlfn.IFS(tbl_Tasks_Clean[[#This Row],[Planned_Duration_Days]]<=7,"Short (<=7 days)",tbl_Tasks_Clean[[#This Row],[Planned_Duration_Days]]<=20,"Medium (8-20 days)",TRUE,"Long (>20 days)")} -> Long (>20 days) | Y95: =INDEX(Projects!$D:$D,MATCH(tbl_Tasks_Clean[[#This Row],[Project_ID]],Projects!$A:$A,0)) -> Ahmed Nabil | Z95: =IF(tbl_Tasks_Clean[[#This Row],[Delay_Days]]>0,"Delayed by "&TEXT(tbl_Tasks_Clean[[#This Row],[Delay_Days]],"0")&" days",IF(tbl_Tasks_Clean[[#This Row],[Delay_Days]]<0,"Early by "&TEXT(-tbl_Tasks_Clean[[#This Row],[Delay_Days]],"0")&" days","On schedule")) -> On schedule
A96: TSK-0127 | B96: PRJ-007 | C96: Network Security Overhaul | D96: Migrate training material | E96: Finance | F96: Unassigned | G96: Low | H96: Done | I96: 6000 | J96: 5346 | K96: 45469 | L96: 45499 | M96: 45500 | N96: 30 | O96: 1 | P96: Internal | Q96: Laila Samir | R96: 120000 | U96: =tbl_Tasks_Clean[[#This Row],[Actual_Cost]]-tbl_Tasks_Clean[[#This Row],[Planned_Cost]] -> -654 | V96: =IFERROR(tbl_Tasks_Clean[[#This Row],[Cost_Variance]]/tbl_Tasks_Clean[[#This Row],[Planned_Cost]],0) -> -0.109 | W96: =IF(AND(tbl_Tasks_Clean[[#This Row],[Status]]="Completed",tbl_Tasks_Clean[[#This Row],[Delay_Days]]<=0),"On Time",IF(AND(tbl_Tasks_Clean[[#This Row],[Status]]="Completed",tbl_Tasks_Clean[[#This Row],[Delay_Days]]>0),"Late","N/A")) -> N/A | X96: {=_xlfn.IFS(tbl_Tasks_Clean[[#This Row],[Planned_Duration_Days]]<=7,"Short (<=7 days)",tbl_Tasks_Clean[[#This Row],[Planned_Duration_Days]]<=20,"Medium (8-20 days)",TRUE,"Long (>20 days)")} -> Long (>20 days) | Y96: =INDEX(Projects!$D:$D,MATCH(tbl_Tasks_Clean[[#This Row],[Project_ID]],Projects!$A:$A,0)) -> Laila Samir | Z96: =IF(tbl_Tasks_Clean[[#This Row],[Delay_Days]]>0,"Delayed by "&TEXT(tbl_Tasks_Clean[[#This Row],[Delay_Days]],"0")&" days",IF(tbl_Tasks_Clean[[#This Row],[Delay_Days]]<0,"Early by "&TEXT(-tbl_Tasks_Clean[[#This Row],[Delay_Days]],"0")&" days","On schedule")) -> Delayed by 1 days
A97: TSK-0257 | B97: PRJ-013 | C97: Brand Refresh Campaign | D97: Document employee handbook | E97: Quality | F97: Mostafa El-Sayed | G97: High | H97: Ongoing | I97: 10000 | J97: 7208 | K97: 45498 | L97: 45504 | N97: 6 | O97: 0 | P97: Internal | Q97: Nourhan Tarek | R97: 200000 | S97: Procurement | T97: 200 | U97: =tbl_Tasks_Clean[[#This Row],[Actual_Cost]]-tbl_Tasks_Clean[[#This Row],[Planned_Cost]] -> -2792 | V97: =IFERROR(tbl_Tasks_Clean[[#This Row],[Cost_Variance]]/tbl_Tasks_Clean[[#This Row],[Planned_Cost]],0) -> -0.2792 | W97: =IF(AND(tbl_Tasks_Clean[[#This Row],[Status]]="Completed",tbl_Tasks_Clean[[#This Row],[Delay_Days]]<=0),"On Time",IF(AND(tbl_Tasks_Clean[[#This Row],[Status]]="Completed",tbl_Tasks_Clean[[#This Row],[Delay_Days]]>0),"Late","N/A")) -> N/A | X97: {=_xlfn.IFS(tbl_Tasks_Clean[[#This Row],[Planned_Duration_Days]]<=7,"Short (<=7 days)",tbl_Tasks_Clean[[#This Row],[Planned_Duration_Days]]<=20,"Medium (8-20 days)",TRUE,"Long (>20 days)")} -> Short (<=7 days) | Y97: =INDEX(Projects!$D:$D,MATCH(tbl_Tasks_Clean[[#This Row],[Project_ID]],Projects!$A:$A,0)) -> Nourhan Tarek | Z97: =IF(tbl_Tasks_Clean[[#This Row],[Delay_Days]]>0,"Delayed by "&TEXT(tbl_Tasks_Clean[[#This Row],[Delay_Days]],"0")&" days",IF(tbl_Tasks_Clean[[#This Row],[Delay_Days]]<0,"Early by "&TEXT(-tbl_Tasks_Clean[[#This Row],[Delay_Days]],"0")&" days","On schedule")) -> On schedule
A98: TSK-0030 | B98: PRJ-002 | C98: ERP System Rollout | D98: Plan hardware setup | E98: Procurement | F98: Sherif Ibrahim | G98: Medium | H98: Completed | I98: 10000 | J98: 13746 | K98: 45575 | L98: 45583 | M98: 45584 | N98: 8 | O98: 1 | P98: Delta Retail Group | Q98: Youssef Adel | R98: 150000 | S98: Procurement | T98: 180 | U98: =tbl_Tasks_Clean[[#This Row],[Actual_Cost]]-tbl_Tasks_Clean[[#This Row],[Planned_Cost]] -> 3746 | V98: =IFERROR(tbl_Tasks_Clean[[#This Row],[Cost_Variance]]/tbl_Tasks_Clean[[#This Row],[Planned_Cost]],0) -> 0.3746 | W98: =IF(AND(tbl_Tasks_Clean[[#This Row],[Status]]="Completed",tbl_Tasks_Clean[[#This Row],[Delay_Days]]<=0),"On Time",IF(AND(tbl_Tasks_Clean[[#This Row],[Status]]="Completed",tbl_Tasks_Clean[[#This Row],[Delay_Days]]>0),"Late","N/A")) -> Late | X98: {=_xlfn.IFS(tbl_Tasks_Clean[[#This Row],[Planned_Duration_Days]]<=7,"Short (<=7 days)",tbl_Tasks_Clean[[#This Row],[Planned_Duration_Days]]<=20,"Medium (8-20 days)",TRUE,"Long (>20 days)")} -> Medium (8-20 days) | Y98: =INDEX(Projects!$D:$D,MATCH(tbl_Tasks_Clean[[#This Row],[Project_ID]],Projects!$A:$A,0)) -> Youssef Adel | Z98: =IF(tbl_Tasks_Clean[[#This Row],[Delay_Days]]>0,"Delayed by "&TEXT(tbl_Tasks_Clean[[#This Row],[Delay_Days]],"0")&" days",IF(tbl_Tasks_Clean[[#This Row],[Delay_Days]]<0,"Early by "&TEXT(-tbl_Tasks_Clean[[#This Row],[Delay_Days]],"0")&" days","On schedule")) -> Delayed by 1 days
A99: TSK-0032 | B99: PRJ-002 | C99: ERP System Rollout | D99: Train users on customer feedback survey | E99: IT | F99: Rania Gaber | G99: Medium | H99: Completed | I99: 6000 | J99: 7171 | O99: 0 | P99: Delta Retail Group | Q99: Youssef Adel | R99: 150000 | S99: Marketing | T99: 220 | U99: =tbl_Tasks_Clean[[#This Row],[Actual_Cost]]-tbl_Tasks_Clean[[#This Row],[Planned_Cost]] -> 1171 | V99: =IFERROR(tbl_Tasks_Clean[[#This Row],[Cost_Variance]]/tbl_Tasks_Clean[[#This Row],[Planned_Cost]],0) -> 0.19516667 | W99: =IF(AND(tbl_Tasks_Clean[[#This Row],[Status]]="Completed",tbl_Tasks_Clean[[#This Row],[Delay_Days]]<=0),"On Time",IF(AND(tbl_Tasks_Clean[[#This Row],[Status]]="Completed",tbl_Tasks_Clean[[#This Row],[Delay_Days]]>0),"Late","N/A")) -> On Time | X99: {=_xlfn.IFS(tbl_Tasks_Clean[[#This Row],[Planned_Duration_Days]]<=7,"Short (<=7 days)",tbl_Tasks_Clean[[#This Row],[Planned_Duration_Days]]<=20,"Medium (8-20 days)",TRUE,"Long (>20 days)")} -> Short (<=7 days) | Y99: =INDEX(Projects!$D:$D,MATCH(tbl_Tasks_Clean[[#This Row],[Project_ID]],Projects!$A:$A,0)) -> Youssef Adel | Z99: =IF(tbl_Tasks_Clean[[#This Row],[Delay_Days]]>0,"Delayed by "&TEXT(tbl_Tasks_Clean[[#This Row],[Delay_Days]],"0")&" days",IF(tbl_Tasks_Clean[[#This Row],[Delay_Days]]<0,"Early by "&TEXT(-tbl_Tasks_Clean[[#This Row],[Delay_Days]],"0")&" days","On schedule")) -> On schedule
A100: TSK-0075 | B100: PRJ-004 | C100: Warehouse Automation | D100: Plan customer feedback survey | E100: Marketing | F100: Yasmin Younes | G100: Medium | H100: Completed | I100: 10000 | J100: 7595 | O100: 0 | P100: Cairo Financial Services | Q100: Laila Samir | R100: 75000 | S100: IT | T100: 220 | U100: =tbl_Tasks_Clean[[#This Row],[Actual_Cost]]-tbl_Tasks_Clean[[#This Row],[Planned_Cost]] -> -2405 | V100: =IFERROR(tbl_Tasks_Clean[[#This Row],[Cost_Variance]]/tbl_Tasks_Clean[[#This Row],[Planned_Cost]],0) -> -0.2405 | W100: =IF(AND(tbl_Tasks_Clean[[#This Row],[Status]]="Completed",tbl_Tasks_Clean[[#This Row],[Delay_Days]]<=0),"On Time",IF(AND(tbl_Tasks_Clean[[#This Row],[Status]]="Completed",tbl_Tasks_Clean[[#This Row],[Delay_Days]]>0),"Late","N/A")) -> On Time | X100: {=_xlfn.IFS(tbl_Tasks_Clean[[#This Row],[Planned_Duration_Days]]<=7,"Short (<=7 days)",tbl_Tasks_Clean[[#This Row],[Planned_Duration_Days]]<=20,"Medium (8-20 days)",TRUE,"Long (>20 days)")} -> Short (<=7 days) | Y100: =INDEX(Projects!$D:$D,MATCH(tbl_Tasks_Clean[[#This Row],[Project_ID]],Projects!$A:$A,0)) -> Laila Samir | Z100: =IF(tbl_Tasks_Clean[[#This Row],[Delay_Days]]>0,"Delayed by "&TEXT(tbl_Tasks_Clean[[#This Row],[Delay_Days]],"0")&" days",IF(tbl_Tasks_Clean[[#This Row],[Delay_Days]]<0,"Early by "&TEXT(-tbl_Tasks_Clean[[#This Row],[Delay_Days]],"0")&" days","On schedule")) -> On schedule
...

Sheet Tasks_RawData
A1: Task_ID | B1: Project_ID | C1: Project_Name | D1: Task_Name | E1: Department | F1: Assigned_To | G1: Priority | H1: Status | I1: Start_Date | J1: Planned_End_Date | K1: Actual_End_Date | L1: Planned_Cost | M1: Actual_Cost
A2: TSK-0085 | B2: PRJ-004 | C2: Warehouse Automation | D2: Audit marketing collateral | E2: FINANCE | F2: Farida Hosny | G2: MEDIUM | H2: Delayed | I2: 05-Jul-2024 | J2: 02-Aug-2024 | K2: 09-Aug-2024 | L2: 1500 | M2: 1396
A3: TSK-0276 | B3: PRJ-014 | C3: Retail Store Opening | D3: Develop backup procedure | E3: Operations | F3: Noor Naguib | G3: high | H3: in progress | I3: 2024-05-23 | J3: 2024-06-20 | L3: 4000 | M3: 1731
A4: TSK-0216 | B4: PRJ-011 | C4: HR System Implementation | D4: Procure warehouse layout | E4: MARKETING | F4: Khaled Younes | G4: Low | H4: IN PROGRESS | I4: 2024/04/03 | J4: 2024/04/30 | L4: 1500 | M4: 377
A5: TSK-0122 | B5: PRJ-006 | C5: CRM Migration | D5: Audit vendor contract | E5: finance | F5: Aya Ibrahim | G5: medium | H5: DELAYED | I5: 06-29-2024 | J5: 07-12-2024 | K5: 07-24-2024 | L5: 4000 | M5: 4369
A6: TSK-0299 | B6: PRJ-015 | C6: Data Center Upgrade | D6: Configure supplier list | E6: FINANCE | F6: Dina Fouad | G6: HIGH | H6: IN PROGRESS | I6: 04-Aug-2024 | J6: 26-Aug-2024 | L6: 4000 | M6: 1678
A7: TSK-0150 | B7: PRJ-008 | C7: Office Relocation | D7: Develop training material | E7: Finance | F7: Mariam Kamal | G7: high | H7: Delayed | I7: 07-20-2024 | J7: 08-07-2024 | K7: 08-12-2024 | L7: 1000 | M7: 1347
A8: TSK-0303 | B8: PRJ-015 | C8: Data Center Upgrade | D8: Plan hardware setup | E8: FINANCE | F8: Farida Shawky | G8: M | H8: Not Started | I8: 2024/05/26 | J8: 2024/06/16 | L8: 10000 | M8: 0
A9: TSK-0058 | B9: PRJ-003 | C9: Mobile App Launch | D9: Audit inventory system | F9: Tarek Shawky | G9: Medium | H9: Not started | I9: 20-Jul-2024 | J9: 19-Aug-2024 | L9: 1000 | M9: 0
A10: TSK-0014 | B10: PRJ-001 | C10: Website Redesign | D10: Deploy inventory system | E10: Operations | F10: Farida Hosny | G10: medium | H10: In Progress | I10: 14-Aug-2024 | J10: 07-Sep-2024 | L10: 1500 | M10: 618
A11: TSK-0090 | B11: PRJ-005 | C11: Customer Portal Upgrade | D11: Optimize quality checklist | E11: Marketing | F11: Farida Zaki | G11: L | H11: Complete | I11: 2024-02-19 | J11: 2024-03-19 | K11: 2024-03-17 | L11: 10000 | M11: 7969
A12: TSK-0211 | B12: PRJ-011 | C12: HR System Implementation | D12: Document training material | E12: I.T. | F12: Tarek Abdelrahman | G12: H | H12: In Progress | I12: 30-Jun-2024 | J12: 15-Jul-2024 | L12: 4000 | M12: 2110
A13: TSK-0093 | B13: PRJ-005 | C13: Customer Portal Upgrade | D13: Procure vendor contract | E13: marketing | F13: Dina Zaki | G13: M | H13: Complete | I13: 2024/01/10 | J13: 2024/01/15 | K13: 2024/01/12 | M13: 2553
A14: TSK-0172 | B14: PRJ-009 | C14: Supply Chain Optimization | D14: Audit user interface | E14: QA | F14: Farida Shawky | G14: L | H14: Completed | I14: 20/05/2024 | J14: 29/05/2024 | K14: 29/05/2024 | L14: 1500 | M14: 1823
A15: TSK-0153 | B15: PRJ-008 | C15: Office Relocation | D15: Audit inventory system | F15: Hassan Fouad | G15: Med | H15: Ongoing | I15: 2024/04/13 | J15: 2024/05/07 | L15: 10000 | M15: 5964
A16: TSK-0053 | B16: PRJ-003 | C16: Mobile App Launch | D16: Migrate API integration | E16: I.T. | F16: Farida Hosny | G16: M | H16: COMPLETED | I16: 07-Jun-2024 | J16: 30-Jun-2024 | K16: 27-Jun-2024 | L16: 4000 | M16: 5187
A17: TSK-0288 | B17: PRJ-014 | C17: Retail Store Opening | D17: Optimize customer feedback survey | E17: it | F17: Salma Fouad | G17: Low | H17: COMPLETED | I17: 22/02/2024 | J17: 08/03/2024 | K17: 10/03/2024 | L17: 1000 | M17: 1263
A18: TSK-0038 | B18: PRJ-002 | C18: ERP System Rollout | D18: Audit API integration | E18: PROCUREMENT | F18: Tarek Abdelrahman | G18: HIGH | H18: Not Started | I18: 2024-08-09 | J18: 2024-09-01 | L18: 6000 | M18: 0
A19: TSK-0101 | B19: PRJ-005 | C19: Customer Portal Upgrade | D19: Design network infrastructure | E19: QA | F19: Aya Ibrahim | G19: Medium | H19: Complete | I19: 28/01/2024 | J19: 21/02/2024 | K19: 23/02/2024 | L19: 5000 | M19: 4772
A20: TSK-0024 | B20: PRJ-002 | C20: ERP System Rollout | D20: Migrate backup procedure | E20: finance | F20: Sherif Hosny | G20: L | H20: COMPLETED | I20: 09-07-2024 | J20: 09-18-2024 | K20: 09-18-2024 | L20: 1500 | M20: 1799
A21: TSK-0212 | B21: PRJ-011 | C21: HR System Implementation | D21: Test backup procedure | E21: I.T | F21: Farida Younes | G21: High | H21: NOT STARTED | I21: 2024-05-22 | J21: 2024-05-30 | L21: 5000 | M21: 0
A22: TSK-0204 | B22: PRJ-010 | C22: Product Line Expansion | D22: Document warehouse layout | E22: I.T. | F22: Salma Fouad | G22: high | H22: Done | I22: 2024-04-22 | J22: 2024-05-02 | K22: 2024-05-04 | L22: 2500 | M22: 2216
A23: TSK-0317 | D23: TEST - ignore
A24: TSK-0104 | B24: PRJ-005 | C24: Customer Portal Upgrade | D24: Install budget report | E24: FINANCE | F24: Noor Naguib | G24: LOW | H24: completed | I24: 13/05/2024 | J24: 22/05/2024 | K24: 19/05/2024 | L24: 2000 | M24: 2594
A25: TSK-0192 | B25: PRJ-010 | C25: Product Line Expansion | D25: Analyze security policy | E25: I.T. | F25: Noor Naguib | G25: MEDIUM | H25: Not started | I25: 2024-06-19 | J25: 2024-06-24 | L25: 8000 | M25: 0
A26: TSK-0245 | B26: PRJ-012 | C26: Cloud Migration | D26: Test marketing collateral | E26: marketing | F26: Noor Naguib | G26: Low | H26: COMPLETED | I26: 2024-02-26 | J26: 2024-03-15 | K26: 2024-03-15 | L26: 1500 | M26: 1982
A27: TSK-0213 | B27: PRJ-011 | C27: HR System Implementation | D27: Train users on hardware setup | E27: Marketing | F27: Reem Gaber | G27: L | H27: in progress | I27: 05-Apr-2024 | J27: 09-Apr-2024 | L27: 1500 | M27: 598
A28: TSK-0149 | B28: PRJ-008 | C28: Office Relocation | D28: Test API integration | E28: Quality Assurance | F28: Sherif Ibrahim | G28: M | H28: Not started | I28: 26/06/2024 | J28: 30/06/2024 | L28: 1000 | M28: 0
A29: TSK-0198 | B29: PRJ-010 | C29: Product Line Expansion | D29: Plan database schema | E29: it | G29: High | H29: COMPLETED | I29: 05-30-2024 | J29: 06-13-2024 | K29: 06-13-2024 | L29: 8000 | M29: 5874
A30: TSK-0082 | B30: PRJ-004 | C30: Warehouse Automation | D30: Audit budget report | E30: MARKETING | F30: Yasmin Younes | G30: HIGH | H30: Done | I30: 10-29-2024 | J30: 11-03-2024 | K30: 11-02-2024 | M30: 6098
A31: TSK-0119 | B31: PRJ-006 | C31: CRM Migration | D31: Document user interface | E31: quality assurance | F31: Ziad Abdelrahman | G31: medium | H31: Done | I31: 08/07/2024 | J31: 31/07/2024 | K31: 02/08/2024 | L31: 10000 | M31: 12422
A32: TSK-0304 | B32: PRJ-015 | C32: Data Center Upgrade | D32: Approve budget report | E32: Marketing | F32: Khaled Naguib | G32: LOW | H32: Delayed | I32: 02-Aug-2024 | J32: 25-Aug-2024 | K32: 26-Aug-2024 | L32: 2000 | M32: 2297
A33: TSK-0048 | B33: PRJ-003 | C33: Mobile App Launch | D33: Install vendor contract | E33: IT | F33: Salma Fouad | G33: M | H33: completed | I33: 2024-03-01 | J33: 2024-03-21 | K33: 2024-03-21 | L33: 1500 | M33: 1286
A34: TSK-0051 | B34: PRJ-003 | C34: Mobile App Launch | D34: Approve onboarding process | E34: HR | F34: Mostafa El-Sayed | G34: high | H34: COMPLETED | I34: 22-Jul-2024 | J34: 06-Aug-2024 | K34: 04-Aug-2024 | L34: 5000 | M34: 3653
A35: TSK-0068 | B35: PRJ-004 | C35: Warehouse Automation | D35: Review API integration | E35: I.T. | F35: Ziad Abdelrahman | G35: HIGH | H35: Done | I35: 17-Oct-2024 | J35: 09-Nov-2024 | K35: 06-Nov-2024 | L35: 1000 | M35: 1399
A36: TSK-0307 | B36: PRJ-015 | C36: Data Center Upgrade | D36: Deploy server configuration | E36: IT | F36: Noor Naguib | G36: H | H36: in progress | I36: 24/06/2024 | J36: 04/07/2024 | L36: 2500 | M36: 1606
A37: TSK-0017 | B37: PRJ-001 | C37: Website Redesign | D37: Procure customer feedback survey | E37: H.R. | F37: Khaled Younes | G37: medium | H37: Delayed | I37: 11-07-2024 | J37: 11-18-2024 | K37: 11-16-2024 | L37: 1500 | M37: 1676
A38: TSK-0206 | B38: PRJ-010 | C38: Product Line Expansion | D38: Configure network infrastructure | E38: IT | F38: Khaled Naguib | G38: High | H38: Pending | I38: 2024/08/09 | J38: 2024/08/27 | L38: 1000 | M38: 0
A39: TSK-0117 | B39: PRJ-006 | C39: CRM Migration | D39: Migrate server configuration | E39: Marketing | F39: Tarek Shawky | G39: HIGH | H39: Pending | I39: 05-16-2024 | J39: 05-24-2024 | L39: 5000 | M39: 0
A40: TSK-0108 | B40: PRJ-006 | C40: CRM Migration | D40: Deploy hardware setup | E40: OPERATIONS | F40: Farida Hosny | G40: M | H40: delayed | I40: 05-07-2024 | J40: 06-06-2024 | K40: 06-05-2024 | L40: 3000 | M40: 2512
A41: TSK-0196 | B41: PRJ-010 | C41: Product Line Expansion | D41: Review network infrastructure | E41: operations | F41: Reem Gaber | G41: MEDIUM | H41: IN PROGRESS | I41: 17/06/2024 | J41: 04/07/2024 | L41: 3000 | M41: 1021
A42: TSK-0305 | B42: PRJ-015 | C42: Data Center Upgrade | D42: Plan training material | E42: FINANCE | F42: Noor Naguib | G42: L | H42: COMPLETED | I42: 14-Jun-2024 | J42: 01-Jul-2024 | K42: 30-Jun-2024 | L42: 10000 | M42: 10647
A43: TSK-0177 | B43: PRJ-009 | C43: Supply Chain Optimization | D43: Migrate employee handbook | E43: PROCUREMENT | F43: Khaled Naguib | G43: L | H43: In Progress | I43: 02-26-2024 | J43: 03-13-2024 | L43: 2500 | M43: 1242
A44: TSK-0137 | B44: PRJ-007 | C44: Network Security Overhaul | D44: Develop inventory system | E44: IT | F44: Noor Naguib | G44: Low | H44: Complete | I44: 2024/07/23 | J44: 2024/08/01 | K44: 2024/07/29 | L44: 1500 | M44: 1674
A45: TSK-0210 | B45: PRJ-011 | C45: HR System Implementation | D45: Analyze marketing collateral | E45: Finance | F45: Sherif Hosny | G45: High | H45: IN PROGRESS | I45: 2024-05-20 | J45: 2024-06-06 | L45: 1000 | M45: 359
A46: TSK-0181 | B46: PRJ-009 | C46: Supply Chain Optimization | D46: Deploy budget report | E46: Ops | F46: Ziad Abdelrahman | G46: HIGH | H46: Not Started | I46: 05/04/2024 | J46: 17/04/2024 | L46: 2000 | M46: 0
A47: TSK-0176 | B47: PRJ-009 | C47: Supply Chain Optimization | D47: Design budget report | E47: Marketing | F47: Khaled Naguib | G47: M | H47: Completed | I47: 2024/03/13 | J47: 2024/04/07 | K47: 2024/04/06 | L47: 6000 | M47: 8191
A48: TSK-0189 | B48: PRJ-010 | C48: Product Line Expansion | D48: Plan quality checklist | E48: HR | F48: Dina Fouad | G48: Low | H48: Ongoing | I48: 2024/08/02 | J48: 2024/08/19 | L48: 8000 | M48: 3329
A49: TSK-0138 | B49: PRJ-007 | C49: Network Security Overhaul | D49: Document hardware setup | E49: Operations | F49: Tarek Shawky | G49: HIGH | H49: In Progress | I49: 07-21-2024 | J49: 08-19-2024 | L49: 10000 | M49: 3913
A50: TSK-0061 | B50: PRJ-003 | C50: Mobile App Launch | D50: Approve quality checklist | E50: Q.A. | F50: Khaled Younes | G50: Medium | H50: Behind Schedule | I50: 06-07-2024 | J50: 06-10-2024 | K50: 06-15-2024 | L50: 8000 | M50: 6292
A51: TSK-0067 | B51: PRJ-004 | C51: Warehouse Automation | D51: Optimize dashboard | E51: H.R. | F51: Mostafa El-Sayed | G51: high | H51: NOT STARTED | I51: 2024-10-07 | J51: 2024-10-26 | L51: 1500 | M51: 0
A52: TSK-0088 | B52: PRJ-005 | C52: Customer Portal Upgrade | D52: Plan customer feedback survey | E52: Finance | F52: Dina Zaki | G52: Low | H52: Done | I52: 04/04/2024 | J52: 01/05/2024 | K52: 02/05/2024 | L52: 2000 | M52: 2236
A53: TSK-0037 | B53: PRJ-002 | C53: ERP System Rollout | D53: Audit inventory system | E53: Procurement | F53: Salma Fouad | G53: M | H53: In Progress | I53: 19/11/2024 | J53: 11/12/2024 | L53: 3000 | M53: 2365
A54: TSK-0266 | B54: PRJ-013 | C54: Brand Refresh Campaign | D54: Review employee handbook | E54: OPERATIONS | F54: Hana Zaki | G54: HIGH | H54: Done | I54: 14-Jul-2024 | J54: 29-Jul-2024 | K54: 29-Jul-2024 | L54: 5000 | M54: 5016
A55: TSK-0070 | B55: PRJ-004 | C55: Warehouse Automation | D55: Procure vendor contract | E55: Quality Assurance | F55: Noor Naguib | G55: low | H55: Behind Schedule | I55: 10-Oct-2024 | J55: 27-Oct-2024 | K55: 31-Oct-2024 | L55: 5000 | M55: 4686
A56: TSK-0205 | B56: PRJ-010 | C56: Product Line Expansion | D56: Configure API integration | E56: finance | F56: Fady Hosny | G56: MEDIUM | H56: Ongoing | I56: 04/04/2024 | J56: 29/04/2024 | L56: 4000 | M56: 3074
A57: TSK-0263 | B57: PRJ-013 | C57: Brand Refresh Campaign | D57: Train users on employee handbook | E57: IT | F57: Tarek Abdelrahman | G57: high | H57: Complete | I57: 11-Apr-2024 | J57: 05-May-2024 | K57: 04-May-2024 | L57: 5000 | M57: 6706
A58: TSK-0248 | B58: PRJ-012 | C58: Cloud Migration | D58: Review onboarding process | E58: Operations | F58: Mostafa El-Sayed | G58: Medium | H58: Done | I58: 2024-05-30 | J58: 2024-06-16 | K58: 2024-06-15 | L58: 1500 | M58: 2080
A59: TSK-0044 | B59: PRJ-003 | C59: Mobile App Launch | D59: Design marketing collateral | E59: HR | F59: Sherif Hosny | G59: H | H59: Ongoing | I59: 2024/05/19 | J59: 2024/06/10 | L59: 3000 | M59: 647
A60: TSK-0208 | B60: PRJ-011 | C60: HR System Implementation | D60: Document warehouse layout | E60: operations | F60: Tarek Shawky | G60: L | H60: Complete | I60: 05-16-2024 | J60: 05-24-2024 | K60: 05-26-2024 | L60: 8000 | M60: 9484
A61: TSK-0277 | B61: PRJ-014 | C61: Retail Store Opening | D61: Train users on onboarding process | E61: procurement | F61: Salma Fouad | G61: low | H61: COMPLETED | I61: 2024-04-17 | J61: 2024-05-10 | K61: 2024-05-10 | L61: 4000 | M61: 4446
A62: TSK-0291 | B62: PRJ-014 | C62: Retail Store Opening | D62: Analyze quality checklist | E62: Finance | F62: Salma Fouad | G62: Low | H62: in progress | I62: 2024/01/29 | J62: 2024/02/03 | L62: 8000 | M62: 2966
A63: TSK-0076 | B63: PRJ-004 | C63: Warehouse Automation | D63: Optimize server configuration | E63: Marketing | F63: Tarek Abdelrahman | G63: MEDIUM | H63: Complete | I63: 08-16-2024 | J63: 09-12-2024 | K63: 09-13-2024 | L63: 1500 | M63: 1412
A64: TSK-0318 | D64: TEST - ignore
A65: TSK-0284 | B65: PRJ-014 | C65: Retail Store Opening | D65: Document budget report | E65: marketing | F65: Farida Zaki | G65: MEDIUM | H65: Delayed | I65: 10-Jun-2024 | J65: 08-Jul-2024 | K65: 23-Jul-2024 | L65: 1500 | M65: 1497
A66: TSK-0297 | B66: PRJ-015 | C66: Data Center Upgrade | D66: Deploy user interface | E66: FINANCE | F66: Dina Mahmoud | G66: Med | H66: Done | I66: 2024/05/22 | J66: 2024/06/18 | K66: 2024/06/19 | L66: 3000 | M66: 2936
A67: TSK-0259 | B67: PRJ-013 | C67: Brand Refresh Campaign | D67: Plan server configuration | E67: Q.A. | F67: Hassan Fouad | G67: low | H67: COMPLETED | I67: 20/05/2024 | J67: 01/06/2024 | K67: 01/06/2024 | L67: 2000 | M67: 2777
A68: TSK-0006 | B68: PRJ-001 | C68: Website Redesign | D68: Design onboarding process | E68: HR | F68: Farida Younes | G68: H | H68: delayed | I68: 14-Oct-2024 | J68: 01-Nov-2024 | K68: 04-Nov-2024 | L68: 5000 | M68: 6659
A69: TSK-0296 | B69: PRJ-015 | C69: Data Center Upgrade | D69: Design employee handbook | E69: finance | F69: Hassan Fouad | G69: LOW | H69: in progress | I69: 15-May-2024 | J69: 11-Jun-2024 | L69: 1500 | M69: 408
A70: TSK-0007 | B70: PRJ-001 | C70: Website Redesign | D70: Develop backup procedure | E70: MARKETING | G70: L | H70: Ongoing | I70: 2024/07/21 | J70: 2024/07/30 | L70: 3000 | M70: 992
A71: TSK-0271 | B71: PRJ-014 | C71: Retail Store Opening | D71: Deploy warehouse layout | E71: finance | F71: Tarek Shawky | G71: HIGH | H71: completed | I71: 01-29-2024 | J71: 02-07-2024 | K71: 02-06-2024 | L71: 6000 | M71: 6093
A72: TSK-0252 | B72: PRJ-013 | C72: Brand Refresh Campaign | D72: Procure warehouse layout | E72: PROCUREMENT | F72: Yasmin Younes | G72: M | H72: Complete | I72: 2024/08/08 | J72: 2024/08/15 | K72: 2024/08/15 | L72: 1000 | M72: 1071
A73: TSK-0222 | B73: PRJ-011 | C73: HR System Implementation | D73: Test security policy | E73: Finance | F73: Rania Gaber | G73: high | H73: Delayed | I73: 2024/05/11 | J73: 2024/06/06 | K73: 2024/06/17 | L73: 4000 | M73: 3554
A74: TSK-0201 | B74: PRJ-010 | C74: Product Line Expansion | D74: Train users on dashboard | E74: HR | F74: Farida Younes | G74: Medium | H74: Complete | I74: 07-03-2024 | J74: 07-27-2024 | K74: 07-27-2024 | L74: 2000 | M74: 1896
A75: TSK-0207 | B75: PRJ-010 | C75: Product Line Expansion | D75: Analyze onboarding process | E75: QA | F75: Khaled Younes | G75: low | H75: not started | I75: 2024-04-25 | J75: 2024-05-25 | L75: 8000 | M75: 0
A76: TSK-0185 | B76: PRJ-009 | C76: Supply Chain Optimization | D76: Develop onboarding process | F76: Reem Gaber | G76: Medium | H76: in progress | I76: 2024-01-06 | J76: 2024-01-27 | L76: 1500 | M76: 312
A77: TSK-0045 | B77: PRJ-003 | C77: Mobile App Launch | D77: Procure backup procedure | E77: Ops | F77: Dina Fouad | G77: medium | H77: Complete | I77: 07-25-2024 | J77: 08-10-2024 | K77: 08-12-2024 | L77: 6000 | M77: 8270
A78: TSK-0218 | B78: PRJ-011 | C78: HR System Implementation | D78: Train users on backup procedure | E78: operations | F78: Farida Shawky | G78: H | H78: completed | I78: 16/03/2024 | J78: 09/04/2024 | K78: 09/04/2024 | L78: 2500 | M78: 3495
A79: TSK-0196 | B79: PRJ-010 | C79: Product Line Expansion | D79: Review network infrastructure | E79: operations | F79: Reem Gaber | G79: MEDIUM | H79: IN PROGRESS | I79: 17/06/2024 | J79: 04/07/2024 | L79: 3000 | M79: 1021
A80: TSK-0190 | B80: PRJ-010 | C80: Product Line Expansion | D80: Plan user interface | E80: HR | F80: Ziad Abdelrahman | G80: High | H80: Ongoing | I80: 31/03/2024 | J80: 10/04/2024 | L80: 1000 | M80: 483
A81: TSK-0295 | B81: PRJ-015 | C81: Data Center Upgrade | D81: Optimize security policy | E81: Finance | F81: Mostafa El-Sayed | G81: MEDIUM | H81: completed | I81: 05/07/2024 | J81: 14/07/2024 | K81: 15/07/2024 | L81: 3000 | M81: 2484
A82: TSK-0155 | B82: PRJ-008 | C82: Office Relocation | D82: Approve database schema | E82: Marketing | F82: Tarek Shawky | G82: Medium | H82: Done | I82: 03-03-2024 | J82: 03-08-2024 | K82: 03-07-2024 | L82: 8000 | M82: 6121
A83: TSK-0109 | B83: PRJ-006 | C83: CRM Migration | D83: Develop warehouse layout | E83: Procurement | F83: Hana Zaki | G83: high | H83: Done | I83: 2024-05-21 | J83: 2024-06-19 | K83: 2024-06-20 | L83: 1000 | M83: 1278
A84: TSK-0281 | B84: PRJ-014 | C84: Retail Store Opening | D84: Plan backup procedure | E84: HR | F84: Yasmin El-Sayed | G84: H | H84: delayed | I84: 02-17-2024 | J84: 03-16-2024 | K84: 03-31-2024 | L84: 2000 | M84: 2272
A85: TSK-0144 | B85: PRJ-007 | C85: Network Security Overhaul | D85: Approve warehouse layout | E85: operations | F85: Khaled Naguib | G85: L | H85: Pending | I85: 06/08/2024 | J85: 13/08/2024 | L85: 2500 | M85: 0
A86: TSK-0077 | B86: PRJ-004 | C86: Warehouse Automation | D86: Optimize supplier list | E86: Marketing | F86: Tarek Abdelrahman | G86: high | H86: NOT STARTED | I86: 2024-08-26 | J86: 2024-09-07 | L86: 4000 | M86: 0
A87: TSK-0124 | B87: PRJ-006 | C87: CRM Migration | D87: Develop vendor contract | E87: H.R. | F87: Sherif Hosny | G87: low | H87: Pending | I87: 27/04/2024 | J87: 01/05/2024 | L87: 8000 | M87: 0
A88: TSK-0285 | B88: PRJ-014 | C88: Retail Store Opening | D88: Procure quality checklist | E88: MARKETING | F88: Sherif Ibrahim | G88: Low | H88: In Progress | I88: 05-24-2024 | J88: 05-27-2024 | L88: 5000 | M88: 2964
A89: TSK-0063 | B89: PRJ-003 | C89: Mobile App Launch | D89: Deploy supplier list | E89: Marketing | G89: H | H89: Pending | I89: 2024/06/22 | J89: 2024/07/06 | L89: 8000
A90: TSK-0023 | B90: PRJ-002 | C90: ERP System Rollout | D90: Install training material | E90: I.T. | F90: Rania Gaber | G90: LOW | H90: Not started | I90: 2024/10/29 | J90: 2024/11/20 | L90: 8000 | M90: 0
A91: TSK-0253 | B91: PRJ-013 | C91: Brand Refresh Campaign | D91: Train users on onboarding process | E91: Operations | F91: Tarek Shawky | G91: H | H91: in progress | I91: 22/06/2024 | J91: 11/07/2024 | L91: 5000 | M91: 2256
A92: TSK-0042 | B92: PRJ-003 | C92: Mobile App Launch | D92: Configure supplier list | E92: Finance | F92: Aya Ibrahim | G92: L | H92: IN PROGRESS | I92: 2024/03/16 | J92: 2024/04/09 | L92: 2500 | M92: 1886
A93: TSK-0261 | B93: PRJ-013 | C93: Brand Refresh Campaign | D93: Test server configuration | E93: H.R. | F93: Farida Younes | G93: LOW | H93: Done | I93: 2024/04/19 | J93: 2024/05/17 | K93: 2024/05/19 | L93: 4000 | M93: 4271
A94: TSK-0229 | B94: PRJ-011 | C94: HR System Implementation | D94: Optimize hardware setup | E94: procurement | F94: Mostafa El-Sayed | G94: High | H94: Ongoing | I94: 2024-06-07 | J94: 2024-07-01 | L94: 4000 | M94: 2434
A95: TSK-0132 | B95: PRJ-007 | C95: Network Security Overhaul | D95: Deploy training material | E95: MARKETING | F95: Fady Hosny | G95: High | H95: Pending | I95: 2024/10/10 | J95: 2024/10/29 | L95: 2500 | M95: 0
A96: TSK-0270 | B96: PRJ-013 | C96: Brand Refresh Campaign | D96: Train users on vendor contract | E96: finance | F96: Mariam Kamal | G96: H | H96: Pending | I96: 2024-08-19 | J96: 2024-08-24 | L96: 3000 | M96: 0
A97: TSK-0112 | B97: PRJ-006 | C97: CRM Migration | D97: Procure inventory system | F97: Ziad Abdelrahman | G97: high | H97: Not started | I97: 2024/03/20 | J97: 2024/03/24 | L97: 3000 | M97: 0
A98: TSK-0237 | B98: PRJ-012 | C98: Cloud Migration | D98: Plan vendor contract | E98: quality assurance | F98: Hana Zaki | G98: high | H98: In Progress | I98: 2024/03/21 | J98: 2024/04/16 | L98: 2000 | M98: 653
A99: TSK-0127 | B99: PRJ-007 | C99: Network Security Overhaul | D99: Migrate training material | E99: FINANCE | G99: L | H99: Done | I99: 2024-06-26 | J99: 2024-07-26 | K99: 2024-07-27 | L99: 6000 | M99: 5346
A100: TSK-0257 | B100: PRJ-013 | C100: Brand Refresh Campaign | D100: Document employee handbook | E100: QA | F100: Mostafa El-Sayed | G100: HIGH | H100: Ongoing | I100: 2024/07/25 | J100: 2024/07/31 | L100: 10000 | M100: 7208
...

Sheet PQ_Output
B2: Load your cleaned Power Query output table here (Excel Table: tbl_Tasks_Clean).

Sheet PivotTables
A1: Row Labels | B1: Sum of Planned_Cost | C1: Sum of Actual_Cost
A2: Brand Refresh Campaign | B2: 70000 | C2: 48164
A3: Cloud Migration | B3: 66000 | C3: 49405
A4: CRM Migration | B4: 109500 | C4: 73502
A5: Customer Portal Upgrade | B5: 85500 | C5: 65762
A6: Data Center Upgrade | B6: 90000 | C6: 74295
A7: ERP System Rollout | B7: 97500 | C7: 71644
A8: HR System Implementation | B8: 112000 | C8: 74792
A9: Mobile App Launch | B9: 106000 | C9: 90358
A10: Network Security Overhaul | B10: 110000 | C10: 65885
A11: Office Relocation | B11: 93000 | C11: 74881
A12: Product Line Expansion | B12: 85500 | C12: 46665
A13: Retail Store Opening | B13: 93000 | C13: 58608
... A17: Grand Total | B17: 1323500 | C17: 954222
A20: Count of Task_ID | B20: Column Labels
A21: Row Labels | B21: Behind Schedule | C21: Completed | D21: Delayed | E21: Done | F21: In Progress | G21: Not Started | H21: Ongoing | I21: Pending | J21: Grand Total
A22: HR | B22: 1 | C22: 13 | D22: 5 | E22: 3 | F22: 6 | G22: 3 | H22: 5 | I22: 2 | J22: 38
A23: IT | B23: 2 | C23: 19 | D23: 7 | E23: 5 | F23: 8 | G23: 7 | H23: 1 | I23: 2 | J23: 51
A24: Marketing | B24: 1 | C24: 13 | D24: 7 | E24: 4 | F24: 12 | G24: 4 | H24: 6 | I24: 4 | J24: 51
A25: Procurement | C25: 13 | D25: 6 | E25: 2 | F25: 16 | G25: 3 | H25: 2 | J25: 42
A26: Grand Total | B26: 4 | C26: 58 | D26: 25 | E26: 14 | F26: 42 | G26: 17 | H26: 14 | I26: 8 | J26: 182
A32: Average of Delay_Days | B32: Column Labels
A33: Row Labels | B33: High | C33: Low | D33: Medium | E33: Not Set | F33: Grand Total
A34: HR | B34: 2.7692308 | C34: 0.54545455 | D34: 0.33333333 | E34: 0 | F34: 1.2105263
A35: IT | B35: 0.04 | C35: 0.33333333 | D35: 0.53846154 | E35: 0 | F35: 0.23529412
A36: Marketing | B36: 0.26666667 | C36: 0.25 | D36: 1.3 | F36: 0.66666667
A37: Procurement | B37: 0.14285714 | C37: -0.13333333 | D37: 1.1666667 | E37: 0 | F37: 0.33333333
A38: Grand Total | B38: 0.64179104 | C38: 0.22222222 | D38: 0.89473684 | E38: 0 | F38: 0.58241758
A44: Row Labels | B44: Sum of Actual_Cost
A45: Hassan Fouad | B45: 65635
A46: Khaled Naguib | B46: 47894
A47: Noor Naguib | B47: 64193
A48: Sherif Ibrahim | B48: 58857
A49: Tarek Shawky | B49: 49862
A50: Grand Total | B50: 286441
B54: Column Labels
B55: (blank) | F55: Finance | J55: HR | N55: IT | R55: Marketing | V55: Operations | Z55: Procurement | AD55: Quality | AH55: Total Total Planned Cost | AI55: Total Total Actual Cost | AJ55: Total Cost Variance % | AK55: Total On-Time Completion Rate
A56: Row Labels | B56: Total Planned Cost | C56: Total Actual Cost | D56: Cost Variance % | E56: On-Time Completion Rate | F56: Total Planned Cost | G56: Total Actual Cost | H56: Cost Variance % | I56: On-Time Completion Rate | J56: Total Planned Cost | K56: Total Actual Cost | L56: Cost Variance % | M56: On-Time Completion Rate | N56: Total Planned Cost | O56: Total Actual Cost | P56: Cost Variance % | Q56: On-Time Completion Rate | R56: Total Planned Cost | S56: Total Actual Cost | T56: Cost Variance % | U56: On-Time Completion Rate | V56: Total Planned Cost | W56: Total Actual Cost | X56: Cost Variance % | Y56: On-Time Completion Rate | Z56: Total Planned Cost | AA56: Total Actual Cost | AB56: Cost Variance % | AC56: On-Time Completion Rate | AD56: Total Planned Cost | AE56: Total Actual Cost | AF56: Cost Variance % | AG56: On-Time Completion Rate
A57: Brand Refresh Campaign | F57: 5000 | G57: 0 | H57: -1 | J57: 6500 | K57: 6582 | L57: 0.012615385 | N57: 14000 | O57: 10857 | P57: -0.2245 | Q57: 0.5 | R57: 7000 | S57: 993 | T57: -0.85814286 | V57: 11500 | W57: 9106 | X57: -0.20817391 | Z57: 2500 | AA57: 2920 | AB57: 0.168 | AC57: 1 | AD57: 23500 | AE57: 17706 | AF57: -0.24655319 | AG57: 0.66666667 | AH57: 70000 | AI57: 48164 | AJ57: -0.31194286 | AK57: 0.66666667
A58: Cloud Migration | F58: 7000 | G58: 7008 | H58: 0.0011428571 | I58: 0.66666667 | J58: 10500 | K58: 6217 | L58: -0.40790476 | N58: 12000 | O58: 10972 | P58: -0.085666667 | Q58: 1 | R58: 6000 | S58: 5191 | T58: -0.13483333 | U58: 1 | V58: 3500 | W58: 3415 | X58: -0.024285714 | Z58: 18000 | AA58: 8910 | AB58: -0.505 | AD58: 9000 | AE58: 7692 | AF58: -0.14533333 | AH58: 66000 | AI58: 49405 | AJ58: -0.25143939 | AK58: 0.57142857
A59: CRM Migration | B59: 3000 | C59: 0 | D59: -1 | F59: 7000 | G59: 5101 | H59: -0.27128571 | J59: 14000 | K59: 5228 | L59: -0.62657143 | M59: 1 | N59: 12500 | O59: 5055 | P59: -0.5956 | R59: 13000 | S59: 10243 | T59: -0.21207692 | V59: 29000 | W59: 17745 | X59: -0.38810345 | Z59: 15000 | AA59: 9816 | AB59: -0.3456 | AD59: 16000 | AE59: 20314 | AF59: 0.269625 | AH59: 109500 | AI59: 73502 | AJ59: -0.32874886 | AK59: 0.25
A60: Customer Portal Upgrade | B60: 10000 | C60: 0 | D60: -1 | F60: 15500 | G60: 17043 | H60: 0.099548387 | I60: 1 | N60: 8500 | O60: 5599 | P60: -0.34129412 | R60: 34500 | S60: 28804 | T60: -0.16510145 | U60: 1 | Z60: 1500 | AA60: 1802 | AB60: 0.20133333 | AC60: 1 | AD60: 15500 | AE60: 12514 | AF60: -0.19264516 | AG60: 1 | AH60: 85500 | AI60: 65762 | AJ60: -0.2308538 | AK60: 1
A61: Data Center Upgrade | F61: 31500 | G61: 18153 | H61: -0.42371429 | I61: 1 | J61: 8000 | K61: 8176 | L61: 0.022 | N61: 8500 | O61: 9783 | P61: 0.15094118 | Q61: 1 | R61: 10500 | S61: 6214 | T61: -0.40819048 | V61: 17500 | W61: 20753 | X61: 0.18588571 | Z61: 9500 | AA61: 7094 | AB61: -0.25326316 | AD61: 4500 | AE61: 4122 | AF61: -0.084 | AG61: 1 | AH61: 90000 | AI61: 74295 | AJ61: -0.1745 | AK61: 0.57142857
A62: ERP System Rollout | B62: 10000 | C62: 5205 | D62: -0.4795 | F62: 9500 | G62: 7948 | H62: -0.16336842 | I62: 1 | N62: 29000 | O62: 22160 | P62: -0.23586207 | Q62: 1 | R62: 5500 | S62: 551 | T62: -0.89981818 | V62: 16000 | W62: 10087 | X62: -0.3695625 | Y62: 1 | Z62: 22500 | AA62: 19206 | AB62: -0.1464 | AC62: 0.5 | AD62: 5000 | AE62: 6487 | AF62: 0.2974 | AH62: 97500 | AI62: 71644 | AJ62: -0.26518974 | AK62: 0.85714286
A63: HR System Implementation | F63: 11000 | G63: 6201 | H63: -0.43627273 | J63: 9000 | K63: 2904 | L63: -0.67733333 | N63: 15000 | O63: 6612 | P63: -0.5592 | R63: 41500 | S63: 33192 | T63: -0.20019277 | V63: 11500 | W63: 14011 | X63: 0.21834783 | Y63: 0.66666667 | Z63: 20000 | AA63: 9096 | AB63: -0.5452 | AD63: 4000 | AE63: 2776 | AF63: -0.306 | AH63: 112000 | AI63: 74792 | AJ63: -0.33221429 | AK63: 0.5
A64: Mobile App Launch | B64: 1000 | C64: 0 | D64: -1 | F64: 4500 | G64: 2490 | H64: -0.44666667 | J64: 21000 | K64: 17646 | L64: -0.15971429 | M64: 1 | N64: 18000 | O64: 16850 | P64: -0.063888889 | Q64: 0.75 | R64: 18000 | S64: 11059 | T64: -0.38561111 | V64: 25000 | W64: 26903 | X64: 0.07612 | Y64: 0.33333333 | Z64: 10500 | AA64: 9118 | AB64: -0.13161905 | AC64: 1 | AD64: 8000 | AE64: 6292 | AF64: -0.2135 | AH64: 106000 | AI64: 90358 | AJ64: -0.14756604 | AK64: 0.76923077
A65: Network Security Overhaul | F65: 22000 | G65: 15511 | H65: -0.29495455 | J65: 6000 | K65: 1369 | L65: -0.77183333 | N65: 12000 | O65: 12132 | P65: 0.011 | Q65: 1 | R65: 2500 | S65: 0 | T65: -1 | V65: 36000 | W65: 20671 | X65: -0.42580556 | Y65: 0.5 | Z65: 30000 | AA65: 14584 | AB65: -0.51386667 | AC65: 1 | AD65: 1500 | AE65: 1618 | AF65: 0.078666667 | AH65: 110000 | AI65: 65885 | AJ65: -0.40104545 | AK65: 0.8
A66: Office Relocation | B66: 10000 | C66: 5964 | D66: -0.4036 | F66: 13000 | G66: 13468 | H66: 0.036 | I66: 1 | J66: 25000 | K66: 24201 | L66: -0.03196 | M66: 0.5 | N66: 3000 | O66: 2732 | P66: -0.089333333 | R66: 17000 | S66: 7762 | T66: -0.54341176 | V66: 9500 | W66: 8051 | X66: -0.15252632 | Y66: 0.66666667 | Z66: 6500 | AA66: 6722 | AB66: 0.034153846 | AC66: 1 | AD66: 9000 | AE66: 5981 | AF66: -0.33544444 | AG66: 1 | AH66: 93000 | AI66: 74881 | AJ66: -0.19482796 | AK66: 0.75
A67: Product Line Expansion | F67: 7000 | G67: 3074 | H67: -0.56085714 | J67: 16500 | K67: 8612 | L67: -0.47806061 | M67: 1 | N67: 22500 | O67: 12070 | P67: -0.46355556 | Q67: 0.66666667 | V67: 11000 | W67: 3262 | X67: -0.70345455 | Z67: 17500 | AA67: 17169 | AB67: -0.018914286 | AD67: 11000 | AE67: 2478 | AF67: -0.77472727 | AG67: 1 | AH67: 85500 | AI67: 46665 | AJ67: -0.45421053 | AK67: 0.83333333
A68: Retail Store Opening | F68: 22000 | G68: 17548 | H68: -0.20236364 | I68: 1 | J68: 19000 | K68: 15938 | L68: -0.16115789 | M68: 1 | N68: 10000 | O68: 2591 | P68: -0.7409 | Q68: 0.5 | R68: 21000 | S68: 11903 | T68: -0.43319048 | U68: 1 | V68: 15000 | W68: 4270 | X68: -0.71533333 | Y68: 1 | Z68: 4000 | AA68: 4446 | AB68: 0.1115 | AC68: 1 | AD68: 2000 | AE68: 1912 | AF68: -0.044 | AG68: 1 | AH68: 93000 | AI68: 58608 | AJ68: -0.36980645 | AK68: 0.90909091
A69: Supply Chain Optimization | B69: 1500 | C69: 312 | D69: -0.792 | F69: 5000 | G69: 2255 | H69: -0.549 | J69: 3000 | K69: 742 | L69: -0.75266667 | N69: 8500 | O69: 4316 | P69: -0.49223529 | R69: 18000 | S69: 22257 | T69: 0.2365 | U69: 0.5 | V69: 16000 | W69: 8693 | X69: -0.4566875 | Z69: 14500 | AA69: 10648 | AB69: -0.26565517 | AC69: 1 | AD69: 7500 | AE69: 4690 | AF69: -0.37466667 | AG69: 1 | AH69: 74000 | AI69: 53913 | AJ69: -0.27144595 | AK69: 0.75
A70: Warehouse Automation | F70: 10000 | G70: 7841 | H70: -0.2159 | J70: 6500 | K70: 1387 | L70: -0.78661538 | N70: 16000 | O70: 17338 | P70: 0.083625 | Q70: 0.33333333 | R70: 15500 | S70: 15105 | T70: -0.025483871 | U70: 0.5 | V70: 10000 | W70: 6559 | X70: -0.3441 | Z70: 11500 | AA70: 11161 | AB70: -0.029478261 | AC70: 1 | AD70: 9000 | AE70: 8351 | AF70: -0.072111111 | AH70: 78500 | AI70: 67742 | AJ70: -0.13704459 | AK70: 0.5
A71: Website Redesign | F71: 8000 | G71: 6790 | H71: -0.15125 | I71: 1 | J71: 15000 | K71: 14941 | L71: -0.0039333333 | M71: 1 | N71: 6000 | O71: 5586 | P71: -0.069 | R71: 8000 | S71: 3393 | T71: -0.575875 | V71: 1500 | W71: 618 | X71: -0.588 | Z71: 5500 | AA71: 2641 | AB71: -0.51981818 | AD71: 9000 | AE71: 4637 | AF71: -0.48477778 | AH71: 53000 | AI71: 38606 | AJ71: -0.27158491 | AK71: 1
A72: Grand Total | B72: 35500 | C72: 11481 | D72: -0.67659155 | F72: 178000 | G72: 130431 | H72: -0.26724157 | I72: 0.92307692 | J72: 160000 | K72: 113943 | L72: -0.28785625 | M72: 0.76923077 | N72: 195500 | O72: 144653 | P72: -0.26008696 | Q72: 0.68421053 | R72: 218000 | S72: 156667 | T72: -0.28134404 | U72: 0.61538462 | V72: 213000 | W72: 154144 | X72: -0.27631925 | Y72: 0.5625 | Z72: 189000 | AA72: 135333 | AB72: -0.28395238 | AC72: 0.84615385 | AD72: 134500 | AE72: 107570 | AF72: -0.20022305 | AG72: 0.81818182 | AH72: 1323500 | AI72: 954222 | AJ72: -0.27901624 | AK72: 0.73469388

Sheet Dashboard
E1: PMO Project Analytics Dashboard
B2: Total Planned Cost | E2: Total Actual Cost | H2: Cost Variance % | K2: On-Tme Completion Rate
B3: =GETPIVOTDATA("[Measures].[Total Planned Cost]",PivotTables!$A$54) -> 1323500 | E3: =GETPIVOTDATA("[Measures].[Total Actual Cost]",PivotTables!$A$54) -> 954222 | H3: =GETPIVOTDATA("[Measures].[Cost Variance %]",PivotTables!$A$54) -> -0.27901624 | K3: =GETPIVOTDATA("[Measures].[On-Time Completion Rate]",PivotTables!$A$54) -> 0.73469388
